Workbook

Sheet compiled grading
A1: persona type | B1: transcript number | C1: grader name | D1: 1.1.A | E1: 1.1.B | F1: 1.1.C | G1: 1.2.A | H1: 1.2.B | I1: 1.3.A | J1: 1.3.B | K1: 2.1.A | L1: 2.2.A | M1: 2.2.B | N1: 3.1.A | O1: 3.2.A | P1: 3.2.B | Q1: total score | R1: _key
A2: chaotic | B2: 0001 | C2: faizan | D2: =IF($C2="faizan",IFERROR(INDEX('faizan grading'!$E:$Q,MATCH($A2&"|"&$B2,'faizan grading'!$S:$S,0),COLUMN()-3),""),IF($C2="romain",IFERROR(INDEX('romain grading'!$E:$Q,MATCH($A2&"|"&$B2,'romain grading'!$S:$S,0),COLUMN()-3),""),IF($C2="nishita",IFERROR(INDEX('nishita grading'!$E:$Q,MATCH($A2&"|"&$B2,'nishita grading'!$S:$S,0),COLUMN()-3),""),""))) -> 0 | E2: =IF($C2="faizan",IFERROR(INDEX('faizan grading'!$E:$Q,MATCH($A2&"|"&$B2,'faizan grading'!$S:$S,0),COLUMN()-3),""),IF($C2="romain",IFERROR(INDEX('romain grading'!$E:$Q,MATCH($A2&"|"&$B2,'romain grading'!$S:$S,0),COLUMN()-3),""),IF($C2="nishita",IFERROR(INDEX('nishita grading'!$E:$Q,MATCH($A2&"|"&$B2,'nishita grading'!$S:$S,0),COLUMN()-3),""),""))) -> 0 | F2: =IF($C2="faizan",IFERROR(INDEX('faizan grading'!$E:$Q,MATCH($A2&"|"&$B2,'faizan grading'!$S:$S,0),COLUMN()-3),""),IF($C2="romain",IFERROR(INDEX('romain grading'!$E:$Q,MATCH($A2&"|"&$B2,'romain grading'!$S:$S,0),COLUMN()-3),""),IF($C2="nishita",IFERROR(INDEX('nishita grading'!$E:$Q,MATCH($A2&"|"&$B2,'nishita grading'!$S:$S,0),COLUMN()-3),""),""))) -> 0 | G2: =IF($C2="faizan",IFERROR(INDEX('faizan grading'!$E:$Q,MATCH($A2&"|"&$B2,'faizan grading'!$S:$S,0),COLUMN()-3),""),IF($C2="romain",IFERROR(INDEX('romain grading'!$E:$Q,MATCH($A2&"|"&$B2,'romain grading'!$S:$S,0),COLUMN()-3),""),IF($C2="nishita",IFERROR(INDEX('nishita grading'!$E:$Q,MATCH($A2&"|"&$B2,'nishita grading'!$S:$S,0),COLUMN()-3),""),""))) -> 0 | H2: =IF($C2="faizan",IFERROR(INDEX('faizan grading'!$E:$Q,MATCH($A2&"|"&$B2,'faizan grading'!$S:$S,0),COLUMN()-3),""),IF($C2="romain",IFERROR(INDEX('romain grading'!$E:$Q,MATCH($A2&"|"&$B2,'romain grading'!$S:$S,0),COLUMN()-3),""),IF($C2="nishita",IFERROR(INDEX('nishita grading'!$E:$Q,MATCH($A2&"|"&$B2,'nishita grading'!$S:$S,0),COLUMN()-3),""),""))) -> 0 | I2: =IF($C2="faizan",IFERROR(INDEX('faizan grading'!$E:$Q,MATCH($A2&"|"&$B2,'faizan grading'!$S:$S,0),COLUMN()-3),""),IF($C2="romain",IFERROR(INDEX('romain grading'!$E:$Q,MATCH($A2&"|"&$B2,'romain grading'!$S:$S,0),COLUMN()-3),""),IF($C2="nishita",IFERROR(INDEX('nishita grading'!$E:$Q,MATCH($A2&"|"&$B2,'nishita grading'!$S:$S,0),COLUMN()-3),""),""))) -> 0 | J2: =IF($C2="faizan",IFERROR(INDEX('faizan grading'!$E:$Q,MATCH($A2&"|"&$B2,'faizan grading'!$S:$S,0),COLUMN()-3),""),IF($C2="romain",IFERROR(INDEX('romain grading'!$E:$Q,MATCH($A2&"|"&$B2,'romain grading'!$S:$S,0),COLUMN()-3),""),IF($C2="nishita",IFERROR(INDEX('nishita grading'!$E:$Q,MATCH($A2&"|"&$B2,'nishita grading'!$S:$S,0),COLUMN()-3),""),""))) -> 0 | K2: =IF($C2="faizan",IFERROR(INDEX('faizan grading'!$E:$Q,MATCH($A2&"|"&$B2,'faizan grading'!$S:$S,0),COLUMN()-3),""),IF($C2="romain",IFERROR(INDEX('romain grading'!$E:$Q,MATCH($A2&"|"&$B2,'romain grading'!$S:$S,0),COLUMN()-3),""),IF($C2="nishita",IFERROR(INDEX('nishita grading'!$E:$Q,MATCH($A2&"|"&$B2,'nishita grading'!$S:$S,0),COLUMN()-3),""),""))) -> 0 | ... P2: =IF($C2="faizan",IFERROR(INDEX('faizan grading'!$E:$Q,MATCH($A2&"|"&$B2,'faizan grading'!$S:$S,0),COLUMN()-3),""),IF($C2="romain",IFERROR(INDEX('romain grading'!$E:$Q,MATCH($A2&"|"&$B2,'romain grading'!$S:$S,0),COLUMN()-3),""),IF($C2="nishita",IFERROR(INDEX('nishita grading'!$E:$Q,MATCH($A2&"|"&$B2,'nishita grading'!$S:$S,0),COLUMN()-3),""),""))) -> 0 | Q2: =42-SUM(D2:P2) -> 42 | R2: =A2&"|"&B2 -> chaotic|0001
A3: chaotic | B3: 0001 | C3: romain | D3: =IF($C3="faizan",IFERROR(INDEX('faizan grading'!$E:$Q,MATCH($A3&"|"&$B3,'faizan grading'!$S:$S,0),COLUMN()-3),""),IF($C3="romain",IFERROR(INDEX('romain grading'!$E:$Q,MATCH($A3&"|"&$B3,'romain grading'!$S:$S,0),COLUMN()-3),""),IF($C3="nishita",IFERROR(INDEX('nishita grading'!$E:$Q,MATCH($A3&"|"&$B3,'nishita grading'!$S:$S,0),COLUMN()-3),""),""))) -> 0 | E3: =IF($C3="faizan",IFERROR(INDEX('faizan grading'!$E:$Q,MATCH($A3&"|"&$B3,'faizan grading'!$S:$S,0),COLUMN()-3),""),IF($C3="romain",IFERROR(INDEX('romain grading'!$E:$Q,MATCH($A3&"|"&$B3,'romain grading'!$S:$S,0),COLUMN()-3),""),IF($C3="nishita",IFERROR(INDEX('nishita grading'!$E:$Q,MATCH($A3&"|"&$B3,'nishita grading'!$S:$S,0),COLUMN()-3),""),""))) -> 0 | F3: =IF($C3="faizan",IFERROR(INDEX('faizan grading'!$E:$Q,MATCH($A3&"|"&$B3,'faizan grading'!$S:$S,0),COLUMN()-3),""),IF($C3="romain",IFERROR(INDEX('romain grading'!$E:$Q,MATCH($A3&"|"&$B3,'romain grading'!$S:$S,0),COLUMN()-3),""),IF($C3="nishita",IFERROR(INDEX('nishita grading'!$E:$Q,MATCH($A3&"|"&$B3,'nishita grading'!$S:$S,0),COLUMN()-3),""),""))) -> 0 | G3: =IF($C3="faizan",IFERROR(INDEX('faizan grading'!$E:$Q,MATCH($A3&"|"&$B3,'faizan grading'!$S:$S,0),COLUMN()-3),""),IF($C3="romain",IFERROR(INDEX('romain grading'!$E:$Q,MATCH($A3&"|"&$B3,'romain grading'!$S:$S,0),COLUMN()-3),""),IF($C3="nishita",IFERROR(INDEX('nishita grading'!$E:$Q,MATCH($A3&"|"&$B3,'nishita grading'!$S:$S,0),COLUMN()-3),""),""))) -> 0 | H3: =IF($C3="faizan",IFERROR(INDEX('faizan grading'!$E:$Q,MATCH($A3&"|"&$B3,'faizan grading'!$S:$S,0),COLUMN()-3),""),IF($C3="romain",IFERROR(INDEX('romain grading'!$E:$Q,MATCH($A3&"|"&$B3,'romain grading'!$S:$S,0),COLUMN()-3),""),IF($C3="nishita",IFERROR(INDEX('nishita grading'!$E:$Q,MATCH($A3&"|"&$B3,'nishita grading'!$S:$S,0),COLUMN()-3),""),""))) -> 0 | I3: =IF($C3="faizan",IFERROR(INDEX('faizan grading'!$E:$Q,MATCH($A3&"|"&$B3,'faizan grading'!$S:$S,0),COLUMN()-3),""),IF($C3="romain",IFERROR(INDEX('romain grading'!$E:$Q,MATCH($A3&"|"&$B3,'romain grading'!$S:$S,0),COLUMN()-3),""),IF($C3="nishita",IFERROR(INDEX('nishita grading'!$E:$Q,MATCH($A3&"|"&$B3,'nishita grading'!$S:$S,0),COLUMN()-3),""),""))) -> 0 | J3: =IF($C3="faizan",IFERROR(INDEX('faizan grading'!$E:$Q,MATCH($A3&"|"&$B3,'faizan grading'!$S:$S,0),COLUMN()-3),""),IF($C3="romain",IFERROR(INDEX('romain grading'!$E:$Q,MATCH($A3&"|"&$B3,'romain grading'!$S:$S,0),COLUMN()-3),""),IF($C3="nishita",IFERROR(INDEX('nishita grading'!$E:$Q,MATCH($A3&"|"&$B3,'nishita grading'!$S:$S,0),COLUMN()-3),""),""))) -> 0 | K3: =IF($C3="faizan",IFERROR(INDEX('faizan grading'!$E:$Q,MATCH($A3&"|"&$B3,'faizan grading'!$S:$S,0),COLUMN()-3),""),IF($C3="romain",IFERROR(INDEX('romain grading'!$E:$Q,MATCH($A3&"|"&$B3,'romain grading'!$S:$S,0),COLUMN()-3),""),IF($C3="nishita",IFERROR(INDEX('nishita grading'!$E:$Q,MATCH($A3&"|"&$B3,'nishita grading'!$S:$S,0),COLUMN()-3),""),""))) -> 0 | ... P3: =IF($C3="faizan",IFERROR(INDEX('faizan grading'!$E:$Q,MATCH($A3&"|"&$B3,'faizan grading'!$S:$S,0),COLUMN()-3),""),IF($C3="romain",IFERROR(INDEX('romain grading'!$E:$Q,MATCH($A3&"|"&$B3,'romain grading'!$S:$S,0),COLUMN()-3),""),IF($C3="nishita",IFERROR(INDEX('nishita grading'!$E:$Q,MATCH($A3&"|"&$B3,'nishita grading'!$S:$S,0),COLUMN()-3),""),""))) -> 0 | Q3: =42-SUM(D3:P3) -> 42 | R3: =A3&"|"&B3 -> chaotic|0001
A4: chaotic | B4: 0001 | C4: nishita | D4: =IF($C4="faizan",IFERROR(INDEX('faizan grading'!$E:$Q,MATCH($A4&"|"&$B4,'faizan grading'!$S:$S,0),COLUMN()-3),""),IF($C4="romain",IFERROR(INDEX('romain grading'!$E:$Q,MATCH($A4&"|"&$B4,'romain grading'!$S:$S,0),COLUMN()-3),""),IF($C4="nishita",IFERROR(INDEX('nishita grading'!$E:$Q,MATCH($A4&"|"&$B4,'nishita grading'!$S:$S,0),COLUMN()-3),""),""))) -> 0 | E4: =IF($C4="faizan",IFERROR(INDEX('faizan grading'!$E:$Q,MATCH($A4&"|"&$B4,'faizan grading'!$S:$S,0),COLUMN()-3),""),IF($C4="romain",IFERROR(INDEX('romain grading'!$E:$Q,MATCH($A4&"|"&$B4,'romain grading'!$S:$S,0),COLUMN()-3),""),IF($C4="nishita",IFERROR(INDEX('nishita grading'!$E:$Q,MATCH($A4&"|"&$B4,'nishita grading'!$S:$S,0),COLUMN()-3),""),""))) -> 0 | F4: =IF($C4="faizan",IFERROR(INDEX('faizan grading'!$E:$Q,MATCH($A4&"|"&$B4,'faizan grading'!$S:$S,0),COLUMN()-3),""),IF($C4="romain",IFERROR(INDEX('romain grading'!$E:$Q,MATCH($A4&"|"&$B4,'romain grading'!$S:$S,0),COLUMN()-3),""),IF($C4="nishita",IFERROR(INDEX('nishita grading'!$E:$Q,MATCH($A4&"|"&$B4,'nishita grading'!$S:$S,0),COLUMN()-3),""),""))) -> 0 | G4: =IF($C4="faizan",IFERROR(INDEX('faizan grading'!$E:$Q,MATCH($A4&"|"&$B4,'faizan grading'!$S:$S,0),COLUMN()-3),""),IF($C4="romain",IFERROR(INDEX('romain grading'!$E:$Q,MATCH($A4&"|"&$B4,'romain grading'!$S:$S,0),COLUMN()-3),""),IF($C4="nishita",IFERROR(INDEX('nishita grading'!$E:$Q,MATCH($A4&"|"&$B4,'nishita grading'!$S:$S,0),COLUMN()-3),""),""))) -> 0 | H4: =IF($C4="faizan",IFERROR(INDEX('faizan grading'!$E:$Q,MATCH($A4&"|"&$B4,'faizan grading'!$S:$S,0),COLUMN()-3),""),IF($C4="romain",IFERROR(INDEX('romain grading'!$E:$Q,MATCH($A4&"|"&$B4,'romain grading'!$S:$S,0),COLUMN()-3),""),IF($C4="nishita",IFERROR(INDEX('nishita grading'!$E:$Q,MATCH($A4&"|"&$B4,'nishita grading'!$S:$S,0),COLUMN()-3),""),""))) -> 0 | I4: =IF($C4="faizan",IFERROR(INDEX('faizan grading'!$E:$Q,MATCH($A4&"|"&$B4,'faizan grading'!$S:$S,0),COLUMN()-3),""),IF($C4="romain",IFERROR(INDEX('romain grading'!$E:$Q,MATCH($A4&"|"&$B4,'romain grading'!$S:$S,0),COLUMN()-3),""),IF($C4="nishita",IFERROR(INDEX('nishita grading'!$E:$Q,MATCH($A4&"|"&$B4,'nishita grading'!$S:$S,0),COLUMN()-3),""),""))) -> 0 | J4: =IF($C4="faizan",IFERROR(INDEX('faizan grading'!$E:$Q,MATCH($A4&"|"&$B4,'faizan grading'!$S:$S,0),COLUMN()-3),""),IF($C4="romain",IFERROR(INDEX('romain grading'!$E:$Q,MATCH($A4&"|"&$B4,'romain grading'!$S:$S,0),COLUMN()-3),""),IF($C4="nishita",IFERROR(INDEX('nishita grading'!$E:$Q,MATCH($A4&"|"&$B4,'nishita grading'!$S:$S,0),COLUMN()-3),""),""))) -> 0 | K4: =IF($C4="faizan",IFERROR(INDEX('faizan grading'!$E:$Q,MATCH($A4&"|"&$B4,'faizan grading'!$S:$S,0),COLUMN()-3),""),IF($C4="romain",IFERROR(INDEX('romain grading'!$E:$Q,MATCH($A4&"|"&$B4,'romain grading'!$S:$S,0),COLUMN()-3),""),IF($C4="nishita",IFERROR(INDEX('nishita grading'!$E:$Q,MATCH($A4&"|"&$B4,'nishita grading'!$S:$S,0),COLUMN()-3),""),""))) -> 0 | ... P4: =IF($C4="faizan",IFERROR(INDEX('faizan grading'!$E:$Q,MATCH($A4&"|"&$B4,'faizan grading'!$S:$S,0),COLUMN()-3),""),IF($C4="romain",IFERROR(INDEX('romain grading'!$E:$Q,MATCH($A4&"|"&$B4,'romain grading'!$S:$S,0),COLUMN()-3),""),IF($C4="nishita",IFERROR(INDEX('nishita grading'!$E:$Q,MATCH($A4&"|"&$B4,'nishita grading'!$S:$S,0),COLUMN()-3),""),""))) -> 0 | Q4: =42-SUM(D4:P4) -> 42 | R4: =A4&"|"&B4 -> chaotic|0001
A5: chaotic | B5: 0001 | C5: claude | D5: =IF($C5="faizan",IFERROR(INDEX('faizan grading'!$E:$Q,MATCH($A5&"|"&$B5,'faizan grading'!$S:$S,0),COLUMN()-3),""),IF($C5="romain",IFERROR(INDEX('romain grading'!$E:$Q,MATCH($A5&"|"&$B5,'romain grading'!$S:$S,0),COLUMN()-3),""),IF($C5="nishita",IFERROR(INDEX('nishita grading'!$E:$Q,MATCH($A5&"|"&$B5,'nishita grading'!$S:$S,0),COLUMN()-3),""),""))) | E5: =IF($C5="faizan",IFERROR(INDEX('faizan grading'!$E:$Q,MATCH($A5&"|"&$B5,'faizan grading'!$S:$S,0),COLUMN()-3),""),IF($C5="romain",IFERROR(INDEX('romain grading'!$E:$Q,MATCH($A5&"|"&$B5,'romain grading'!$S:$S,0),COLUMN()-3),""),IF($C5="nishita",IFERROR(INDEX('nishita grading'!$E:$Q,MATCH($A5&"|"&$B5,'nishita grading'!$S:$S,0),COLUMN()-3),""),""))) | F5: =IF($C5="faizan",IFERROR(INDEX('faizan grading'!$E:$Q,MATCH($A5&"|"&$B5,'faizan grading'!$S:$S,0),COLUMN()-3),""),IF($C5="romain",IFERROR(INDEX('romain grading'!$E:$Q,MATCH($A5&"|"&$B5,'romain grading'!$S:$S,0),COLUMN()-3),""),IF($C5="nishita",IFERROR(INDEX('nishita grading'!$E:$Q,MATCH($A5&"|"&$B5,'nishita grading'!$S:$S,0),COLUMN()-3),""),""))) | G5: =IF($C5="faizan",IFERROR(INDEX('faizan grading'!$E:$Q,MATCH($A5&"|"&$B5,'faizan grading'!$S:$S,0),COLUMN()-3),""),IF($C5="romain",IFERROR(INDEX('romain grading'!$E:$Q,MATCH($A5&"|"&$B5,'romain grading'!$S:$S,0),COLUMN()-3),""),IF($C5="nishita",IFERROR(INDEX('nishita grading'!$E:$Q,MATCH($A5&"|"&$B5,'nishita grading'!$S:$S,0),COLUMN()-3),""),""))) | H5: =IF($C5="faizan",IFERROR(INDEX('faizan grading'!$E:$Q,MATCH($A5&"|"&$B5,'faizan grading'!$S:$S,0),COLUMN()-3),""),IF($C5="romain",IFERROR(INDEX('romain grading'!$E:$Q,MATCH($A5&"|"&$B5,'romain grading'!$S:$S,0),COLUMN()-3),""),IF($C5="nishita",IFERROR(INDEX('nishita grading'!$E:$Q,MATCH($A5&"|"&$B5,'nishita grading'!$S:$S,0),COLUMN()-3),""),""))) | I5: =IF($C5="faizan",IFERROR(INDEX('faizan grading'!$E:$Q,MATCH($A5&"|"&$B5,'faizan grading'!$S:$S,0),COLUMN()-3),""),IF($C5="romain",IFERROR(INDEX('romain grading'!$E:$Q,MATCH($A5&"|"&$B5,'romain grading'!$S:$S,0),COLUMN()-3),""),IF($C5="nishita",IFERROR(INDEX('nishita grading'!$E:$Q,MATCH($A5&"|"&$B5,'nishita grading'!$S:$S,0),COLUMN()-3),""),""))) | J5: =IF($C5="faizan",IFERROR(INDEX('faizan grading'!$E:$Q,MATCH($A5&"|"&$B5,'faizan grading'!$S:$S,0),COLUMN()-3),""),IF($C5="romain",IFERROR(INDEX('romain grading'!$E:$Q,MATCH($A5&"|"&$B5,'romain grading'!$S:$S,0),COLUMN()-3),""),IF($C5="nishita",IFERROR(INDEX('nishita grading'!$E:$Q,MATCH($A5&"|"&$B5,'nishita grading'!$S:$S,0),COLUMN()-3),""),""))) | K5: =IF($C5="faizan",IFERROR(INDEX('faizan grading'!$E:$Q,MATCH($A5&"|"&$B5,'faizan grading'!$S:$S,0),COLUMN()-3),""),IF($C5="romain",IFERROR(INDEX('romain grading'!$E:$Q,MATCH($A5&"|"&$B5,'romain grading'!$S:$S,0),COLUMN()-3),""),IF($C5="nishita",IFERROR(INDEX('nishita grading'!$E:$Q,MATCH($A5&"|"&$B5,'nishita grading'!$S:$S,0),COLUMN()-3),""),""))) | ... P5: =IF($C5="faizan",IFERROR(INDEX('faizan grading'!$E:$Q,MATCH($A5&"|"&$B5,'faizan grading'!$S:$S,0),COLUMN()-3),""),IF($C5="romain",IFERROR(INDEX('romain grading'!$E:$Q,MATCH($A5&"|"&$B5,'romain grading'!$S:$S,0),COLUMN()-3),""),IF($C5="nishita",IFERROR(INDEX('nishita grading'!$E:$Q,MATCH($A5&"|"&$B5,'nishita grading'!$S:$S,0),COLUMN()-3),""),""))) | Q5: =42-SUM(D5:P5) -> 42 | R5: =A5&"|"&B5 -> chaotic|0001
A6: chaotic | B6: 0002 | C6: faizan | D6: =IF($C6="faizan",IFERROR(INDEX('faizan grading'!$E:$Q,MATCH($A6&"|"&$B6,'faizan grading'!$S:$S,0),COLUMN()-3),""),IF($C6="romain",IFERROR(INDEX('romain grading'!$E:$Q,MATCH($A6&"|"&$B6,'romain grading'!$S:$S,0),COLUMN()-3),""),IF($C6="nishita",IFERROR(INDEX('nishita grading'!$E:$Q,MATCH($A6&"|"&$B6,'nishita grading'!$S:$S,0),COLUMN()-3),""),""))) -> 0 | E6: =IF($C6="faizan",IFERROR(INDEX('faizan grading'!$E:$Q,MATCH($A6&"|"&$B6,'faizan grading'!$S:$S,0),COLUMN()-3),""),IF($C6="romain",IFERROR(INDEX('romain grading'!$E:$Q,MATCH($A6&"|"&$B6,'romain grading'!$S:$S,0),COLUMN()-3),""),IF($C6="nishita",IFERROR(INDEX('nishita grading'!$E:$Q,MATCH($A6&"|"&$B6,'nishita grading'!$S:$S,0),COLUMN()-3),""),""))) -> 0 | F6: =IF($C6="faizan",IFERROR(INDEX('faizan grading'!$E:$Q,MATCH($A6&"|"&$B6,'faizan grading'!$S:$S,0),COLUMN()-3),""),IF($C6="romain",IFERROR(INDEX('romain grading'!$E:$Q,MATCH($A6&"|"&$B6,'romain grading'!$S:$S,0),COLUMN()-3),""),IF($C6="nishita",IFERROR(INDEX('nishita grading'!$E:$Q,MATCH($A6&"|"&$B6,'nishita grading'!$S:$S,0),COLUMN()-3),""),""))) -> 0 | G6: =IF($C6="faizan",IFERROR(INDEX('faizan grading'!$E:$Q,MATCH($A6&"|"&$B6,'faizan grading'!$S:$S,0),COLUMN()-3),""),IF($C6="romain",IFERROR(INDEX('romain grading'!$E:$Q,MATCH($A6&"|"&$B6,'romain grading'!$S:$S,0),COLUMN()-3),""),IF($C6="nishita",IFERROR(INDEX('nishita grading'!$E:$Q,MATCH($A6&"|"&$B6,'nishita grading'!$S:$S,0),COLUMN()-3),""),""))) -> 0 | H6: =IF($C6="faizan",IFERROR(INDEX('faizan grading'!$E:$Q,MATCH($A6&"|"&$B6,'faizan grading'!$S:$S,0),COLUMN()-3),""),IF($C6="romain",IFERROR(INDEX('romain grading'!$E:$Q,MATCH($A6&"|"&$B6,'romain grading'!$S:$S,0),COLUMN()-3),""),IF($C6="nishita",IFERROR(INDEX('nishita grading'!$E:$Q,MATCH($A6&"|"&$B6,'nishita grading'!$S:$S,0),COLUMN()-3),""),""))) -> 0 | I6: =IF($C6="faizan",IFERROR(INDEX('faizan grading'!$E:$Q,MATCH($A6&"|"&$B6,'faizan grading'!$S:$S,0),COLUMN()-3),""),IF($C6="romain",IFERROR(INDEX('romain grading'!$E:$Q,MATCH($A6&"|"&$B6,'romain grading'!$S:$S,0),COLUMN()-3),""),IF($C6="nishita",IFERROR(INDEX('nishita grading'!$E:$Q,MATCH($A6&"|"&$B6,'nishita grading'!$S:$S,0),COLUMN()-3),""),""))) -> 0 | J6: =IF($C6="faizan",IFERROR(INDEX('faizan grading'!$E:$Q,MATCH($A6&"|"&$B6,'faizan grading'!$S:$S,0),COLUMN()-3),""),IF($C6="romain",IFERROR(INDEX('romain grading'!$E:$Q,MATCH($A6&"|"&$B6,'romain grading'!$S:$S,0),COLUMN()-3),""),IF($C6="nishita",IFERROR(INDEX('nishita grading'!$E:$Q,MATCH($A6&"|"&$B6,'nishita grading'!$S:$S,0),COLUMN()-3),""),""))) -> 0 | K6: =IF($C6="faizan",IFERROR(INDEX('faizan grading'!$E:$Q,MATCH($A6&"|"&$B6,'faizan grading'!$S:$S,0),COLUMN()-3),""),IF($C6="romain",IFERROR(INDEX('romain grading'!$E:$Q,MATCH($A6&"|"&$B6,'romain grading'!$S:$S,0),COLUMN()-3),""),IF($C6="nishita",IFERROR(INDEX('nishita grading'!$E:$Q,MATCH($A6&"|"&$B6,'nishita grading'!$S:$S,0),COLUMN()-3),""),""))) -> 0 | ... P6: =IF($C6="faizan",IFERROR(INDEX('faizan grading'!$E:$Q,MATCH($A6&"|"&$B6,'faizan grading'!$S:$S,0),COLUMN()-3),""),IF($C6="romain",IFERROR(INDEX('romain grading'!$E:$Q,MATCH($A6&"|"&$B6,'romain grading'!$S:$S,0),COLUMN()-3),""),IF($C6="nishita",IFERROR(INDEX('nishita grading'!$E:$Q,MATCH($A6&"|"&$B6,'nishita grading'!$S:$S,0),COLUMN()-3),""),""))) -> 0 | Q6: =42-SUM(D6:P6) -> 42 | R6: =A6&"|"&B6 -> chaotic|0002
A7: chaotic | B7: 0002 | C7: romain | D7: =IF($C7="faizan",IFERROR(INDEX('faizan grading'!$E:$Q,MATCH($A7&"|"&$B7,'faizan grading'!$S:$S,0),COLUMN()-3),""),IF($C7="romain",IFERROR(INDEX('romain grading'!$E:$Q,MATCH($A7&"|"&$B7,'romain grading'!$S:$S,0),COLUMN()-3),""),IF($C7="nishita",IFERROR(INDEX('nishita grading'!$E:$Q,MATCH($A7&"|"&$B7,'nishita grading'!$S:$S,0),COLUMN()-3),""),""))) -> 0 | E7: =IF($C7="faizan",IFERROR(INDEX('faizan grading'!$E:$Q,MATCH($A7&"|"&$B7,'faizan grading'!$S:$S,0),COLUMN()-3),""),IF($C7="romain",IFERROR(INDEX('romain grading'!$E:$Q,MATCH($A7&"|"&$B7,'romain grading'!$S:$S,0),COLUMN()-3),""),IF($C7="nishita",IFERROR(INDEX('nishita grading'!$E:$Q,MATCH($A7&"|"&$B7,'nishita grading'!$S:$S,0),COLUMN()-3),""),""))) -> 0 | F7: =IF($C7="faizan",IFERROR(INDEX('faizan grading'!$E:$Q,MATCH($A7&"|"&$B7,'faizan grading'!$S:$S,0),COLUMN()-3),""),IF($C7="romain",IFERROR(INDEX('romain grading'!$E:$Q,MATCH($A7&"|"&$B7,'romain grading'!$S:$S,0),COLUMN()-3),""),IF($C7="nishita",IFERROR(INDEX('nishita grading'!$E:$Q,MATCH($A7&"|"&$B7,'nishita grading'!$S:$S,0),COLUMN()-3),""),""))) -> 0 | G7: =IF($C7="faizan",IFERROR(INDEX('faizan grading'!$E:$Q,MATCH($A7&"|"&$B7,'faizan grading'!$S:$S,0),COLUMN()-3),""),IF($C7="romain",IFERROR(INDEX('romain grading'!$E:$Q,MATCH($A7&"|"&$B7,'romain grading'!$S:$S,0),COLUMN()-3),""),IF($C7="nishita",IFERROR(INDEX('nishita grading'!$E:$Q,MATCH($A7&"|"&$B7,'nishita grading'!$S:$S,0),COLUMN()-3),""),""))) -> 0 | H7: =IF($C7="faizan",IFERROR(INDEX('faizan grading'!$E:$Q,MATCH($A7&"|"&$B7,'faizan grading'!$S:$S,0),COLUMN()-3),""),IF($C7="romain",IFERROR(INDEX('romain grading'!$E:$Q,MATCH($A7&"|"&$B7,'romain grading'!$S:$S,0),COLUMN()-3),""),IF($C7="nishita",IFERROR(INDEX('nishita grading'!$E:$Q,MATCH($A7&"|"&$B7,'nishita grading'!$S:$S,0),COLUMN()-3),""),""))) -> 0 | I7: =IF($C7="faizan",IFERROR(INDEX('faizan grading'!$E:$Q,MATCH($A7&"|"&$B7,'faizan grading'!$S:$S,0),COLUMN()-3),""),IF($C7="romain",IFERROR(INDEX('romain grading'!$E:$Q,MATCH($A7&"|"&$B7,'romain grading'!$S:$S,0),COLUMN()-3),""),IF($C7="nishita",IFERROR(INDEX('nishita grading'!$E:$Q,MATCH($A7&"|"&$B7,'nishita grading'!$S:$S,0),COLUMN()-3),""),""))) -> 0 | J7: =IF($C7="faizan",IFERROR(INDEX('faizan grading'!$E:$Q,MATCH($A7&"|"&$B7,'faizan grading'!$S:$S,0),COLUMN()-3),""),IF($C7="romain",IFERROR(INDEX('romain grading'!$E:$Q,MATCH($A7&"|"&$B7,'romain grading'!$S:$S,0),COLUMN()-3),""),IF($C7="nishita",IFERROR(INDEX('nishita grading'!$E:$Q,MATCH($A7&"|"&$B7,'nishita grading'!$S:$S,0),COLUMN()-3),""),""))) -> 0 | K7: =IF($C7="faizan",IFERROR(INDEX('faizan grading'!$E:$Q,MATCH($A7&"|"&$B7,'faizan grading'!$S:$S,0),COLUMN()-3),""),IF($C7="romain",IFERROR(INDEX('romain grading'!$E:$Q,MATCH($A7&"|"&$B7,'romain grading'!$S:$S,0),COLUMN()-3),""),IF($C7="nishita",IFERROR(INDEX('nishita grading'!$E:$Q,MATCH($A7&"|"&$B7,'nishita grading'!$S:$S,0),COLUMN()-3),""),""))) -> 0 | ... P7: =IF($C7="faizan",IFERROR(INDEX('faizan grading'!$E:$Q,MATCH($A7&"|"&$B7,'faizan grading'!$S:$S,0),COLUMN()-3),""),IF($C7="romain",IFERROR(INDEX('romain grading'!$E:$Q,MATCH($A7&"|"&$B7,'romain grading'!$S:$S,0),COLUMN()-3),""),IF($C7="nishita",IFERROR(INDEX('nishita grading'!$E:$Q,MATCH($A7&"|"&$B7,'nishita grading'!$S:$S,0),COLUMN()-3),""),""))) -> 0 | Q7: =42-SUM(D7:P7) -> 42 | R7: =A7&"|"&B7 -> chaotic|0002
A8: chaotic | B8: 0002 | C8: nishita | D8: =IF($C8="faizan",IFERROR(INDEX('faizan grading'!$E:$Q,MATCH($A8&"|"&$B8,'faizan grading'!$S:$S,0),COLUMN()-3),""),IF($C8="romain",IFERROR(INDEX('romain grading'!$E:$Q,MATCH($A8&"|"&$B8,'romain grading'!$S:$S,0),COLUMN()-3),""),IF($C8="nishita",IFERROR(INDEX('nishita grading'!$E:$Q,MATCH($A8&"|"&$B8,'nishita grading'!$S:$S,0),COLUMN()-3),""),""))) -> 0 | E8: =IF($C8="faizan",IFERROR(INDEX('faizan grading'!$E:$Q,MATCH($A8&"|"&$B8,'faizan grading'!$S:$S,0),COLUMN()-3),""),IF($C8="romain",IFERROR(INDEX('romain grading'!$E:$Q,MATCH($A8&"|"&$B8,'romain grading'!$S:$S,0),COLUMN()-3),""),IF($C8="nishita",IFERROR(INDEX('nishita grading'!$E:$Q,MATCH($A8&"|"&$B8,'nishita grading'!$S:$S,0),COLUMN()-3),""),""))) -> 0 | F8: =IF($C8="faizan",IFERROR(INDEX('faizan grading'!$E:$Q,MATCH($A8&"|"&$B8,'faizan grading'!$S:$S,0),COLUMN()-3),""),IF($C8="romain",IFERROR(INDEX('romain grading'!$E:$Q,MATCH($A8&"|"&$B8,'romain grading'!$S:$S,0),COLUMN()-3),""),IF($C8="nishita",IFERROR(INDEX('nishita grading'!$E:$Q,MATCH($A8&"|"&$B8,'nishita grading'!$S:$S,0),COLUMN()-3),""),""))) -> 0 | G8: =IF($C8="faizan",IFERROR(INDEX('faizan grading'!$E:$Q,MATCH($A8&"|"&$B8,'faizan grading'!$S:$S,0),COLUMN()-3),""),IF($C8="romain",IFERROR(INDEX('romain grading'!$E:$Q,MATCH($A8&"|"&$B8,'romain grading'!$S:$S,0),COLUMN()-3),""),IF($C8="nishita",IFERROR(INDEX('nishita grading'!$E:$Q,MATCH($A8&"|"&$B8,'nishita grading'!$S:$S,0),COLUMN()-3),""),""))) -> 0 | H8: =IF($C8="faizan",IFERROR(INDEX('faizan grading'!$E:$Q,MATCH($A8&"|"&$B8,'faizan grading'!$S:$S,0),COLUMN()-3),""),IF($C8="romain",IFERROR(INDEX('romain grading'!$E:$Q,MATCH($A8&"|"&$B8,'romain grading'!$S:$S,0),COLUMN()-3),""),IF($C8="nishita",IFERROR(INDEX('nishita grading'!$E:$Q,MATCH($A8&"|"&$B8,'nishita grading'!$S:$S,0),COLUMN()-3),""),""))) -> 0 | I8: =IF($C8="faizan",IFERROR(INDEX('faizan grading'!$E:$Q,MATCH($A8&"|"&$B8,'faizan grading'!$S:$S,0),COLUMN()-3),""),IF($C8="romain",IFERROR(INDEX('romain grading'!$E:$Q,MATCH($A8&"|"&$B8,'romain grading'!$S:$S,0),COLUMN()-3),""),IF($C8="nishita",IFERROR(INDEX('nishita grading'!$E:$Q,MATCH($A8&"|"&$B8,'nishita grading'!$S:$S,0),COLUMN()-3),""),""))) -> 0 | J8: =IF($C8="faizan",IFERROR(INDEX('faizan grading'!$E:$Q,MATCH($A8&"|"&$B8,'faizan grading'!$S:$S,0),COLUMN()-3),""),IF($C8="romain",IFERROR(INDEX('romain grading'!$E:$Q,MATCH($A8&"|"&$B8,'romain grading'!$S:$S,0),COLUMN()-3),""),IF($C8="nishita",IFERROR(INDEX('nishita grading'!$E:$Q,MATCH($A8&"|"&$B8,'nishita grading'!$S:$S,0),COLUMN()-3),""),""))) -> 0 | K8: =IF($C8="faizan",IFERROR(INDEX('faizan grading'!$E:$Q,MATCH($A8&"|"&$B8,'faizan grading'!$S:$S,0),COLUMN()-3),""),IF($C8="romain",IFERROR(INDEX('romain grading'!$E:$Q,MATCH($A8&"|"&$B8,'romain grading'!$S:$S,0),COLUMN()-3),""),IF($C8="nishita",IFERROR(INDEX('nishita grading'!$E:$Q,MATCH($A8&"|"&$B8,'nishita grading'!$S:$S,0),COLUMN()-3),""),""))) -> 0 | ... P8: =IF($C8="faizan",IFERROR(INDEX('faizan grading'!$E:$Q,MATCH($A8&"|"&$B8,'faizan grading'!$S:$S,0),COLUMN()-3),""),IF($C8="romain",IFERROR(INDEX('romain grading'!$E:$Q,MATCH($A8&"|"&$B8,'romain grading'!$S:$S,0),COLUMN()-3),""),IF($C8="nishita",IFERROR(INDEX('nishita grading'!$E:$Q,MATCH($A8&"|"&$B8,'nishita grading'!$S:$S,0),COLUMN()-3),""),""))) -> 0 | Q8: =42-SUM(D8:P8) -> 42 | R8: =A8&"|"&B8 -> chaotic|0002
A9: chaotic | B9: 0002 | C9: claude | D9: =IF($C9="faizan",IFERROR(INDEX('faizan grading'!$E:$Q,MATCH($A9&"|"&$B9,'faizan grading'!$S:$S,0),COLUMN()-3),""),IF($C9="romain",IFERROR(INDEX('romain grading'!$E:$Q,MATCH($A9&"|"&$B9,'romain grading'!$S:$S,0),COLUMN()-3),""),IF($C9="nishita",IFERROR(INDEX('nishita grading'!$E:$Q,MATCH($A9&"|"&$B9,'nishita grading'!$S:$S,0),COLUMN()-3),""),""))) | E9: =IF($C9="faizan",IFERROR(INDEX('faizan grading'!$E:$Q,MATCH($A9&"|"&$B9,'faizan grading'!$S:$S,0),COLUMN()-3),""),IF($C9="romain",IFERROR(INDEX('romain grading'!$E:$Q,MATCH($A9&"|"&$B9,'romain grading'!$S:$S,0),COLUMN()-3),""),IF($C9="nishita",IFERROR(INDEX('nishita grading'!$E:$Q,MATCH($A9&"|"&$B9,'nishita grading'!$S:$S,0),COLUMN()-3),""),""))) | F9: =IF($C9="faizan",IFERROR(INDEX('faizan grading'!$E:$Q,MATCH($A9&"|"&$B9,'faizan grading'!$S:$S,0),COLUMN()-3),""),IF($C9="romain",IFERROR(INDEX('romain grading'!$E:$Q,MATCH($A9&"|"&$B9,'romain grading'!$S:$S,0),COLUMN()-3),""),IF($C9="nishita",IFERROR(INDEX('nishita grading'!$E:$Q,MATCH($A9&"|"&$B9,'nishita grading'!$S:$S,0),COLUMN()-3),""),""))) | G9: =IF($C9="faizan",IFERROR(INDEX('faizan grading'!$E:$Q,MATCH($A9&"|"&$B9,'faizan grading'!$S:$S,0),COLUMN()-3),""),IF($C9="romain",IFERROR(INDEX('romain grading'!$E:$Q,MATCH($A9&"|"&$B9,'romain grading'!$S:$S,0),COLUMN()-3),""),IF($C9="nishita",IFERROR(INDEX('nishita grading'!$E:$Q,MATCH($A9&"|"&$B9,'nishita grading'!$S:$S,0),COLUMN()-3),""),""))) | H9: =IF($C9="faizan",IFERROR(INDEX('faizan grading'!$E:$Q,MATCH($A9&"|"&$B9,'faizan grading'!$S:$S,0),COLUMN()-3),""),IF($C9="romain",IFERROR(INDEX('romain grading'!$E:$Q,MATCH($A9&"|"&$B9,'romain grading'!$S:$S,0),COLUMN()-3),""),IF($C9="nishita",IFERROR(INDEX('nishita grading'!$E:$Q,MATCH($A9&"|"&$B9,'nishita grading'!$S:$S,0),COLUMN()-3),""),""))) | I9: =IF($C9="faizan",IFERROR(INDEX('faizan grading'!$E:$Q,MATCH($A9&"|"&$B9,'faizan grading'!$S:$S,0),COLUMN()-3),""),IF($C9="romain",IFERROR(INDEX('romain grading'!$E:$Q,MATCH($A9&"|"&$B9,'romain grading'!$S:$S,0),COLUMN()-3),""),IF($C9="nishita",IFERROR(INDEX('nishita grading'!$E:$Q,MATCH($A9&"|"&$B9,'nishita grading'!$S:$S,0),COLUMN()-3),""),""))) | J9: =IF($C9="faizan",IFERROR(INDEX('faizan grading'!$E:$Q,MATCH($A9&"|"&$B9,'faizan grading'!$S:$S,0),COLUMN()-3),""),IF($C9="romain",IFERROR(INDEX('romain grading'!$E:$Q,MATCH($A9&"|"&$B9,'romain grading'!$S:$S,0),COLUMN()-3),""),IF($C9="nishita",IFERROR(INDEX('nishita grading'!$E:$Q,MATCH($A9&"|"&$B9,'nishita grading'!$S:$S,0),COLUMN()-3),""),""))) | K9: =IF($C9="faizan",IFERROR(INDEX('faizan grading'!$E:$Q,MATCH($A9&"|"&$B9,'faizan grading'!$S:$S,0),COLUMN()-3),""),IF($C9="romain",IFERROR(INDEX('romain grading'!$E:$Q,MATCH($A9&"|"&$B9,'romain grading'!$S:$S,0),COLUMN()-3),""),IF($C9="nishita",IFERROR(INDEX('nishita grading'!$E:$Q,MATCH($A9&"|"&$B9,'nishita grading'!$S:$S,0),COLUMN()-3),""),""))) | ... P9: =IF($C9="faizan",IFERROR(INDEX('faizan grading'!$E:$Q,MATCH($A9&"|"&$B9,'faizan grading'!$S:$S,0),COLUMN()-3),""),IF($C9="romain",IFERROR(INDEX('romain grading'!$E:$Q,MATCH($A9&"|"&$B9,'romain grading'!$S:$S,0),COLUMN()-3),""),IF($C9="nishita",IFERROR(INDEX('nishita grading'!$E:$Q,MATCH($A9&"|"&$B9,'nishita grading'!$S:$S,0),COLUMN()-3),""),""))) | Q9: =42-SUM(D9:P9) -> 42 | R9: =A9&"|"&B9 -> chaotic|0002
A10: clueless | B10: 0001 | C10: faizan | D10: =IF($C10="faizan",IFERROR(INDEX('faizan grading'!$E:$Q,MATCH($A10&"|"&$B10,'faizan grading'!$S:$S,0),COLUMN()-3),""),IF($C10="romain",IFERROR(INDEX('romain grading'!$E:$Q,MATCH($A10&"|"&$B10,'romain grading'!$S:$S,0),COLUMN()-3),""),IF($C10="nishita",IFERROR(INDEX('nishita grading'!$E:$Q,MATCH($A10&"|"&$B10,'nishita grading'!$S:$S,0),COLUMN()-3),""),""))) -> 0 | E10: =IF($C10="faizan",IFERROR(INDEX('faizan grading'!$E:$Q,MATCH($A10&"|"&$B10,'faizan grading'!$S:$S,0),COLUMN()-3),""),IF($C10="romain",IFERROR(INDEX('romain grading'!$E:$Q,MATCH($A10&"|"&$B10,'romain grading'!$S:$S,0),COLUMN()-3),""),IF($C10="nishita",IFERROR(INDEX('nishita grading'!$E:$Q,MATCH($A10&"|"&$B10,'nishita grading'!$S:$S,0),COLUMN()-3),""),""))) -> 0 | F10: =IF($C10="faizan",IFERROR(INDEX('faizan grading'!$E:$Q,MATCH($A10&"|"&$B10,'faizan grading'!$S:$S,0),COLUMN()-3),""),IF($C10="romain",IFERROR(INDEX('romain grading'!$E:$Q,MATCH($A10&"|"&$B10,'romain grading'!$S:$S,0),COLUMN()-3),""),IF($C10="nishita",IFERROR(INDEX('nishita grading'!$E:$Q,MATCH($A10&"|"&$B10,'nishita grading'!$S:$S,0),COLUMN()-3),""),""))) -> 0 | G10: =IF($C10="faizan",IFERROR(INDEX('faizan grading'!$E:$Q,MATCH($A10&"|"&$B10,'faizan grading'!$S:$S,0),COLUMN()-3),""),IF($C10="romain",IFERROR(INDEX('romain grading'!$E:$Q,MATCH($A10&"|"&$B10,'romain grading'!$S:$S,0),COLUMN()-3),""),IF($C10="nishita",IFERROR(INDEX('nishita grading'!$E:$Q,MATCH($A10&"|"&$B10,'nishita grading'!$S:$S,0),COLUMN()-3),""),""))) -> 0 | H10: =IF($C10="faizan",IFERROR(INDEX('faizan grading'!$E:$Q,MATCH($A10&"|"&$B10,'faizan grading'!$S:$S,0),COLUMN()-3),""),IF($C10="romain",IFERROR(INDEX('romain grading'!$E:$Q,MATCH($A10&"|"&$B10,'romain grading'!$S:$S,0),COLUMN()-3),""),IF($C10="nishita",IFERROR(INDEX('nishita grading'!$E:$Q,MATCH($A10&"|"&$B10,'nishita grading'!$S:$S,0),COLUMN()-3),""),""))) -> 0 | I10: =IF($C10="faizan",IFERROR(INDEX('faizan grading'!$E:$Q,MATCH($A10&"|"&$B10,'faizan grading'!$S:$S,0),COLUMN()-3),""),IF($C10="romain",IFERROR(INDEX('romain grading'!$E:$Q,MATCH($A10&"|"&$B10,'romain grading'!$S:$S,0),COLUMN()-3),""),IF($C10="nishita",IFERROR(INDEX('nishita grading'!$E:$Q,MATCH($A10&"|"&$B10,'nishita grading'!$S:$S,0),COLUMN()-3),""),""))) -> 0 | J10: =IF($C10="faizan",IFERROR(INDEX('faizan grading'!$E:$Q,MATCH($A10&"|"&$B10,'faizan grading'!$S:$S,0),COLUMN()-3),""),IF($C10="romain",IFERROR(INDEX('romain grading'!$E:$Q,MATCH($A10&"|"&$B10,'romain grading'!$S:$S,0),COLUMN()-3),""),IF($C10="nishita",IFERROR(INDEX('nishita grading'!$E:$Q,MATCH($A10&"|"&$B10,'nishita grading'!$S:$S,0),COLUMN()-3),""),""))) -> 0 | K10: =IF($C10="faizan",IFERROR(INDEX('faizan grading'!$E:$Q,MATCH($A10&"|"&$B10,'faizan grading'!$S:$S,0),COLUMN()-3),""),IF($C10="romain",IFERROR(INDEX('romain grading'!$E:$Q,MATCH($A10&"|"&$B10,'romain grading'!$S:$S,0),COLUMN()-3),""),IF($C10="nishita",IFERROR(INDEX('nishita grading'!$E:$Q,MATCH($A10&"|"&$B10,'nishita grading'!$S:$S,0),COLUMN()-3),""),""))) -> 0 | ... P10: =IF($C10="faizan",IFERROR(INDEX('faizan grading'!$E:$Q,MATCH($A10&"|"&$B10,'faizan grading'!$S:$S,0),COLUMN()-3),""),IF($C10="romain",IFERROR(INDEX('romain grading'!$E:$Q,MATCH($A10&"|"&$B10,'romain grading'!$S:$S,0),COLUMN()-3),""),IF($C10="nishita",IFERROR(INDEX('nishita grading'!$E:$Q,MATCH($A10&"|"&$B10,'nishita grading'!$S:$S,0),COLUMN()-3),""),""))) -> 0 | Q10: =42-SUM(D10:P10) -> 42 | R10: =A10&"|"&B10 -> clueless|0001
A11: clueless | B11: 0001 | C11: romain | D11: =IF($C11="faizan",IFERROR(INDEX('faizan grading'!$E:$Q,MATCH($A11&"|"&$B11,'faizan grading'!$S:$S,0),COLUMN()-3),""),IF($C11="romain",IFERROR(INDEX('romain grading'!$E:$Q,MATCH($A11&"|"&$B11,'romain grading'!$S:$S,0),COLUMN()-3),""),IF($C11="nishita",IFERROR(INDEX('nishita grading'!$E:$Q,MATCH($A11&"|"&$B11,'nishita grading'!$S:$S,0),COLUMN()-3),""),""))) -> 0 | E11: =IF($C11="faizan",IFERROR(INDEX('faizan grading'!$E:$Q,MATCH($A11&"|"&$B11,'faizan grading'!$S:$S,0),COLUMN()-3),""),IF($C11="romain",IFERROR(INDEX('romain grading'!$E:$Q,MATCH($A11&"|"&$B11,'romain grading'!$S:$S,0),COLUMN()-3),""),IF($C11="nishita",IFERROR(INDEX('nishita grading'!$E:$Q,MATCH($A11&"|"&$B11,'nishita grading'!$S:$S,0),COLUMN()-3),""),""))) -> 0 | F11: =IF($C11="faizan",IFERROR(INDEX('faizan grading'!$E:$Q,MATCH($A11&"|"&$B11,'faizan grading'!$S:$S,0),COLUMN()-3),""),IF($C11="romain",IFERROR(INDEX('romain grading'!$E:$Q,MATCH($A11&"|"&$B11,'romain grading'!$S:$S,0),COLUMN()-3),""),IF($C11="nishita",IFERROR(INDEX('nishita grading'!$E:$Q,MATCH($A11&"|"&$B11,'nishita grading'!$S:$S,0),COLUMN()-3),""),""))) -> 0 | G11: =IF($C11="faizan",IFERROR(INDEX('faizan grading'!$E:$Q,MATCH($A11&"|"&$B11,'faizan grading'!$S:$S,0),COLUMN()-3),""),IF($C11="romain",IFERROR(INDEX('romain grading'!$E:$Q,MATCH($A11&"|"&$B11,'romain grading'!$S:$S,0),COLUMN()-3),""),IF($C11="nishita",IFERROR(INDEX('nishita grading'!$E:$Q,MATCH($A11&"|"&$B11,'nishita grading'!$S:$S,0),COLUMN()-3),""),""))) -> 0 | H11: =IF($C11="faizan",IFERROR(INDEX('faizan grading'!$E:$Q,MATCH($A11&"|"&$B11,'faizan grading'!$S:$S,0),COLUMN()-3),""),IF($C11="romain",IFERROR(INDEX('romain grading'!$E:$Q,MATCH($A11&"|"&$B11,'romain grading'!$S:$S,0),COLUMN()-3),""),IF($C11="nishita",IFERROR(INDEX('nishita grading'!$E:$Q,MATCH($A11&"|"&$B11,'nishita grading'!$S:$S,0),COLUMN()-3),""),""))) -> 0 | I11: =IF($C11="faizan",IFERROR(INDEX('faizan grading'!$E:$Q,MATCH($A11&"|"&$B11,'faizan grading'!$S:$S,0),COLUMN()-3),""),IF($C11="romain",IFERROR(INDEX('romain grading'!$E:$Q,MATCH($A11&"|"&$B11,'romain grading'!$S:$S,0),COLUMN()-3),""),IF($C11="nishita",IFERROR(INDEX('nishita grading'!$E:$Q,MATCH($A11&"|"&$B11,'nishita grading'!$S:$S,0),COLUMN()-3),""),""))) -> 0 | J11: =IF($C11="faizan",IFERROR(INDEX('faizan grading'!$E:$Q,MATCH($A11&"|"&$B11,'faizan grading'!$S:$S,0),COLUMN()-3),""),IF($C11="romain",IFERROR(INDEX('romain grading'!$E:$Q,MATCH($A11&"|"&$B11,'romain grading'!$S:$S,0),COLUMN()-3),""),IF($C11="nishita",IFERROR(INDEX('nishita grading'!$E:$Q,MATCH($A11&"|"&$B11,'nishita grading'!$S:$S,0),COLUMN()-3),""),""))) -> 0 | K11: =IF($C11="faizan",IFERROR(INDEX('faizan grading'!$E:$Q,MATCH($A11&"|"&$B11,'faizan grading'!$S:$S,0),COLUMN()-3),""),IF($C11="romain",IFERROR(INDEX('romain grading'!$E:$Q,MATCH($A11&"|"&$B11,'romain grading'!$S:$S,0),COLUMN()-3),""),IF($C11="nishita",IFERROR(INDEX('nishita grading'!$E:$Q,MATCH($A11&"|"&$B11,'nishita grading'!$S:$S,0),COLUMN()-3),""),""))) -> 0 | ... P11: =IF($C11="faizan",IFERROR(INDEX('faizan grading'!$E:$Q,MATCH($A11&"|"&$B11,'faizan grading'!$S:$S,0),COLUMN()-3),""),IF($C11="romain",IFERROR(INDEX('romain grading'!$E:$Q,MATCH($A11&"|"&$B11,'romain grading'!$S:$S,0),COLUMN()-3),""),IF($C11="nishita",IFERROR(INDEX('nishita grading'!$E:$Q,MATCH($A11&"|"&$B11,'nishita grading'!$S:$S,0),COLUMN()-3),""),""))) -> 0 | Q11: =42-SUM(D11:P11) -> 42 | R11: =A11&"|"&B11 -> clueless|0001
A12: clueless | B12: 0001 | C12: nishita | D12: =IF($C12="faizan",IFERROR(INDEX('faizan grading'!$E:$Q,MATCH($A12&"|"&$B12,'faizan grading'!$S:$S,0),COLUMN()-3),""),IF($C12="romain",IFERROR(INDEX('romain grading'!$E:$Q,MATCH($A12&"|"&$B12,'romain grading'!$S:$S,0),COLUMN()-3),""),IF($C12="nishita",IFERROR(INDEX('nishita grading'!$E:$Q,MATCH($A12&"|"&$B12,'nishita grading'!$S:$S,0),COLUMN()-3),""),""))) -> 0 | E12: =IF($C12="faizan",IFERROR(INDEX('faizan grading'!$E:$Q,MATCH($A12&"|"&$B12,'faizan grading'!$S:$S,0),COLUMN()-3),""),IF($C12="romain",IFERROR(INDEX('romain grading'!$E:$Q,MATCH($A12&"|"&$B12,'romain grading'!$S:$S,0),COLUMN()-3),""),IF($C12="nishita",IFERROR(INDEX('nishita grading'!$E:$Q,MATCH($A12&"|"&$B12,'nishita grading'!$S:$S,0),COLUMN()-3),""),""))) -> 0 | F12: =IF($C12="faizan",IFERROR(INDEX('faizan grading'!$E:$Q,MATCH($A12&"|"&$B12,'faizan grading'!$S:$S,0),COLUMN()-3),""),IF($C12="romain",IFERROR(INDEX('romain grading'!$E:$Q,MATCH($A12&"|"&$B12,'romain grading'!$S:$S,0),COLUMN()-3),""),IF($C12="nishita",IFERROR(INDEX('nishita grading'!$E:$Q,MATCH($A12&"|"&$B12,'nishita grading'!$S:$S,0),COLUMN()-3),""),""))) -> 0 | G12: =IF($C12="faizan",IFERROR(INDEX('faizan grading'!$E:$Q,MATCH($A12&"|"&$B12,'faizan grading'!$S:$S,0),COLUMN()-3),""),IF($C12="romain",IFERROR(INDEX('romain grading'!$E:$Q,MATCH($A12&"|"&$B12,'romain grading'!$S:$S,0),COLUMN()-3),""),IF($C12="nishita",IFERROR(INDEX('nishita grading'!$E:$Q,MATCH($A12&"|"&$B12,'nishita grading'!$S:$S,0),COLUMN()-3),""),""))) -> 0 | H12: =IF($C12="faizan",IFERROR(INDEX('faizan grading'!$E:$Q,MATCH($A12&"|"&$B12,'faizan grading'!$S:$S,0),COLUMN()-3),""),IF($C12="romain",IFERROR(INDEX('romain grading'!$E:$Q,MATCH($A12&"|"&$B12,'romain grading'!$S:$S,0),COLUMN()-3),""),IF($C12="nishita",IFERROR(INDEX('nishita grading'!$E:$Q,MATCH($A12&"|"&$B12,'nishita grading'!$S:$S,0),COLUMN()-3),""),""))) -> 0 | I12: =IF($C12="faizan",IFERROR(INDEX('faizan grading'!$E:$Q,MATCH($A12&"|"&$B12,'faizan grading'!$S:$S,0),COLUMN()-3),""),IF($C12="romain",IFERROR(INDEX('romain grading'!$E:$Q,MATCH($A12&"|"&$B12,'romain grading'!$S:$S,0),COLUMN()-3),""),IF($C12="nishita",IFERROR(INDEX('nishita grading'!$E:$Q,MATCH($A12&"|"&$B12,'nishita grading'!$S:$S,0),COLUMN()-3),""),""))) -> 0 | J12: =IF($C12="faizan",IFERROR(INDEX('faizan grading'!$E:$Q,MATCH($A12&"|"&$B12,'faizan grading'!$S:$S,0),COLUMN()-3),""),IF($C12="romain",IFERROR(INDEX('romain grading'!$E:$Q,MATCH($A12&"|"&$B12,'romain grading'!$S:$S,0),COLUMN()-3),""),IF($C12="nishita",IFERROR(INDEX('nishita grading'!$E:$Q,MATCH($A12&"|"&$B12,'nishita grading'!$S:$S,0),COLUMN()-3),""),""))) -> 0 | K12: =IF($C12="faizan",IFERROR(INDEX('faizan grading'!$E:$Q,MATCH($A12&"|"&$B12,'faizan grading'!$S:$S,0),COLUMN()-3),""),IF($C12="romain",IFERROR(INDEX('romain grading'!$E:$Q,MATCH($A12&"|"&$B12,'romain grading'!$S:$S,0),COLUMN()-3),""),IF($C12="nishita",IFERROR(INDEX('nishita grading'!$E:$Q,MATCH($A12&"|"&$B12,'nishita grading'!$S:$S,0),COLUMN()-3),""),""))) -> 0 | ... P12: =IF($C12="faizan",IFERROR(INDEX('faizan grading'!$E:$Q,MATCH($A12&"|"&$B12,'faizan grading'!$S:$S,0),COLUMN()-3),""),IF($C12="romain",IFERROR(INDEX('romain grading'!$E:$Q,MATCH($A12&"|"&$B12,'romain grading'!$S:$S,0),COLUMN()-3),""),IF($C12="nishita",IFERROR(INDEX('nishita grading'!$E:$Q,MATCH($A12&"|"&$B12,'nishita grading'!$S:$S,0),COLUMN()-3),""),""))) -> 0 | Q12: =42-SUM(D12:P12) -> 42 | R12: =A12&"|"&B12 -> clueless|0001
A13: clueless | B13: 0001 | C13: claude | D13: =IF($C13="faizan",IFERROR(INDEX('faizan grading'!$E:$Q,MATCH($A13&"|"&$B13,'faizan grading'!$S:$S,0),COLUMN()-3),""),IF($C13="romain",IFERROR(INDEX('romain grading'!$E:$Q,MATCH($A13&"|"&$B13,'romain grading'!$S:$S,0),COLUMN()-3),""),IF($C13="nishita",IFERROR(INDEX('nishita grading'!$E:$Q,MATCH($A13&"|"&$B13,'nishita grading'!$S:$S,0),COLUMN()-3),""),""))) | E13: =IF($C13="faizan",IFERROR(INDEX('faizan grading'!$E:$Q,MATCH($A13&"|"&$B13,'faizan grading'!$S:$S,0),COLUMN()-3),""),IF($C13="romain",IFERROR(INDEX('romain grading'!$E:$Q,MATCH($A13&"|"&$B13,'romain grading'!$S:$S,0),COLUMN()-3),""),IF($C13="nishita",IFERROR(INDEX('nishita grading'!$E:$Q,MATCH($A13&"|"&$B13,'nishita grading'!$S:$S,0),COLUMN()-3),""),""))) | F13: =IF($C13="faizan",IFERROR(INDEX('faizan grading'!$E:$Q,MATCH($A13&"|"&$B13,'faizan grading'!$S:$S,0),COLUMN()-3),""),IF($C13="romain",IFERROR(INDEX('romain grading'!$E:$Q,MATCH($A13&"|"&$B13,'romain grading'!$S:$S,0),COLUMN()-3),""),IF($C13="nishita",IFERROR(INDEX('nishita grading'!$E:$Q,MATCH($A13&"|"&$B13,'nishita grading'!$S:$S,0),COLUMN()-3),""),""))) | G13: =IF($C13="faizan",IFERROR(INDEX('faizan grading'!$E:$Q,MATCH($A13&"|"&$B13,'faizan grading'!$S:$S,0),COLUMN()-3),""),IF($C13="romain",IFERROR(INDEX('romain grading'!$E:$Q,MATCH($A13&"|"&$B13,'romain grading'!$S:$S,0),COLUMN()-3),""),IF($C13="nishita",IFERROR(INDEX('nishita grading'!$E:$Q,MATCH($A13&"|"&$B13,'nishita grading'!$S:$S,0),COLUMN()-3),""),""))) | H13: =IF($C13="faizan",IFERROR(INDEX('faizan grading'!$E:$Q,MATCH($A13&"|"&$B13,'faizan grading'!$S:$S,0),COLUMN()-3),""),IF($C13="romain",IFERROR(INDEX('romain grading'!$E:$Q,MATCH($A13&"|"&$B13,'romain grading'!$S:$S,0),COLUMN()-3),""),IF($C13="nishita",IFERROR(INDEX('nishita grading'!$E:$Q,MATCH($A13&"|"&$B13,'nishita grading'!$S:$S,0),COLUMN()-3),""),""))) | I13: =IF($C13="faizan",IFERROR(INDEX('faizan grading'!$E:$Q,MATCH($A13&"|"&$B13,'faizan grading'!$S:$S,0),COLUMN()-3),""),IF($C13="romain",IFERROR(INDEX('romain grading'!$E:$Q,MATCH($A13&"|"&$B13,'romain grading'!$S:$S,0),COLUMN()-3),""),IF($C13="nishita",IFERROR(INDEX('nishita grading'!$E:$Q,MATCH($A13&"|"&$B13,'nishita grading'!$S:$S,0),COLUMN()-3),""),""))) | J13: =IF($C13="faizan",IFERROR(INDEX('faizan grading'!$E:$Q,MATCH($A13&"|"&$B13,'faizan grading'!$S:$S,0),COLUMN()-3),""),IF($C13="romain",IFERROR(INDEX('romain grading'!$E:$Q,MATCH($A13&"|"&$B13,'romain grading'!$S:$S,0),COLUMN()-3),""),IF($C13="nishita",IFERROR(INDEX('nishita grading'!$E:$Q,MATCH($A13&"|"&$B13,'nishita grading'!$S:$S,0),COLUMN()-3),""),""))) | K13: =IF($C13="faizan",IFERROR(INDEX('faizan grading'!$E:$Q,MATCH($A13&"|"&$B13,'faizan grading'!$S:$S,0),COLUMN()-3),""),IF($C13="romain",IFERROR(INDEX('romain grading'!$E:$Q,MATCH($A13&"|"&$B13,'romain grading'!$S:$S,0),COLUMN()-3),""),IF($C13="nishita",IFERROR(INDEX('nishita grading'!$E:$Q,MATCH($A13&"|"&$B13,'nishita grading'!$S:$S,0),COLUMN()-3),""),""))) | ... P13: =IF($C13="faizan",IFERROR(INDEX('faizan grading'!$E:$Q,MATCH($A13&"|"&$B13,'faizan grading'!$S:$S,0),COLUMN()-3),""),IF($C13="romain",IFERROR(INDEX('romain grading'!$E:$Q,MATCH($A13&"|"&$B13,'romain grading'!$S:$S,0),COLUMN()-3),""),IF($C13="nishita",IFERROR(INDEX('nishita grading'!$E:$Q,MATCH($A13&"|"&$B13,'nishita grading'!$S:$S,0),COLUMN()-3),""),""))) | Q13: =42-SUM(D13:P13) -> 42 | R13: =A13&"|"&B13 -> clueless|0001
... A25: cooperative | B25: 0002 | C25: claude | D25: =IF($C25="faizan",IFERROR(INDEX('faizan grading'!$E:$Q,MATCH($A25&"|"&$B25,'faizan grading'!$S:$S,0),COLUMN()-3),""),IF($C25="romain",IFERROR(INDEX('romain grading'!$E:$Q,MATCH($A25&"|"&$B25,'romain grading'!$S:$S,0),COLUMN()-3),""),IF($C25="nishita",IFERROR(INDEX('nishita grading'!$E:$Q,MATCH($A25&"|"&$B25,'nishita grading'!$S:$S,0),COLUMN()-3),""),""))) | E25: =IF($C25="faizan",IFERROR(INDEX('faizan grading'!$E:$Q,MATCH($A25&"|"&$B25,'faizan grading'!$S:$S,0),COLUMN()-3),""),IF($C25="romain",IFERROR(INDEX('romain grading'!$E:$Q,MATCH($A25&"|"&$B25,'romain grading'!$S:$S,0),COLUMN()-3),""),IF($C25="nishita",IFERROR(INDEX('nishita grading'!$E:$Q,MATCH($A25&"|"&$B25,'nishita grading'!$S:$S,0),COLUMN()-3),""),""))) | F25: =IF($C25="faizan",IFERROR(INDEX('faizan grading'!$E:$Q,MATCH($A25&"|"&$B25,'faizan grading'!$S:$S,0),COLUMN()-3),""),IF($C25="romain",IFERROR(INDEX('romain grading'!$E:$Q,MATCH($A25&"|"&$B25,'romain grading'!$S:$S,0),COLUMN()-3),""),IF($C25="nishita",IFERROR(INDEX('nishita grading'!$E:$Q,MATCH($A25&"|"&$B25,'nishita grading'!$S:$S,0),COLUMN()-3),""),""))) | G25: =IF($C25="faizan",IFERROR(INDEX('faizan grading'!$E:$Q,MATCH($A25&"|"&$B25,'faizan grading'!$S:$S,0),COLUMN()-3),""),IF($C25="romain",IFERROR(INDEX('romain grading'!$E:$Q,MATCH($A25&"|"&$B25,'romain grading'!$S:$S,0),COLUMN()-3),""),IF($C25="nishita",IFERROR(INDEX('nishita grading'!$E:$Q,MATCH($A25&"|"&$B25,'nishita grading'!$S:$S,0),COLUMN()-3),""),""))) | H25: =IF($C25="faizan",IFERROR(INDEX('faizan grading'!$E:$Q,MATCH($A25&"|"&$B25,'faizan grading'!$S:$S,0),COLUMN()-3),""),IF($C25="romain",IFERROR(INDEX('romain grading'!$E:$Q,MATCH($A25&"|"&$B25,'romain grading'!$S:$S,0),COLUMN()-3),""),IF($C25="nishita",IFERROR(INDEX('nishita grading'!$E:$Q,MATCH($A25&"|"&$B25,'nishita grading'!$S:$S,0),COLUMN()-3),""),""))) | I25: =IF($C25="faizan",IFERROR(INDEX('faizan grading'!$E:$Q,MATCH($A25&"|"&$B25,'faizan grading'!$S:$S,0),COLUMN()-3),""),IF($C25="romain",IFERROR(INDEX('romain grading'!$E:$Q,MATCH($A25&"|"&$B25,'romain grading'!$S:$S,0),COLUMN()-3),""),IF($C25="nishita",IFERROR(INDEX('nishita grading'!$E:$Q,MATCH($A25&"|"&$B25,'nishita grading'!$S:$S,0),COLUMN()-3),""),""))) | J25: =IF($C25="faizan",IFERROR(INDEX('faizan grading'!$E:$Q,MATCH($A25&"|"&$B25,'faizan grading'!$S:$S,0),COLUMN()-3),""),IF($C25="romain",IFERROR(INDEX('romain grading'!$E:$Q,MATCH($A25&"|"&$B25,'romain grading'!$S:$S,0),COLUMN()-3),""),IF($C25="nishita",IFERROR(INDEX('nishita grading'!$E:$Q,MATCH($A25&"|"&$B25,'nishita grading'!$S:$S,0),COLUMN()-3),""),""))) | K25: =IF($C25="faizan",IFERROR(INDEX('faizan grading'!$E:$Q,MATCH($A25&"|"&$B25,'faizan grading'!$S:$S,0),COLUMN()-3),""),IF($C25="romain",IFERROR(INDEX('romain grading'!$E:$Q,MATCH($A25&"|"&$B25,'romain grading'!$S:$S,0),COLUMN()-3),""),IF($C25="nishita",IFERROR(INDEX('nishita grading'!$E:$Q,MATCH($A25&"|"&$B25,'nishita grading'!$S:$S,0),COLUMN()-3),""),""))) | ... P25: =IF($C25="faizan",IFERROR(INDEX('faizan grading'!$E:$Q,MATCH($A25&"|"&$B25,'faizan grading'!$S:$S,0),COLUMN()-3),""),IF($C25="romain",IFERROR(INDEX('romain grading'!$E:$Q,MATCH($A25&"|"&$B25,'romain grading'!$S:$S,0),COLUMN()-3),""),IF($C25="nishita",IFERROR(INDEX('nishita grading'!$E:$Q,MATCH($A25&"|"&$B25,'nishita grading'!$S:$S,0),COLUMN()-3),""),""))) | Q25: =42-SUM(D25:P25) -> 42 | R25: =A25&"|"&B25 -> cooperative|0002

Sheet faizan grading
A1: persona type | B1: transcript number | C1: transcript | D1: grader name | E1: 1.1.A | F1: 1.1.B | G1: 1.1.C | H1: 1.2.A | I1: 1.2.B | J1: 1.3.A | K1: 1.3.B | L1: 2.1.A | M1: 2.2.A | N1: 2.2.B | O1: 3.1.A | P1: 3.2.A | Q1: 3.2.B | R1: total score | S1: _key
A2: chaotic | B2: 0001 | C2: transcripts/chaotic/chaotic_raw/transcript_0001.json | D2: faizan | R2: =42-SUM(E2:Q2) -> 42 | S2: =A2&"|"&B2 -> chaotic|0001
A3: chaotic | B3: 0002 | C3: transcripts/chaotic/chaotic_raw/transcript_0002.json | D3: faizan | R3: =42-SUM(E3:Q3) -> 42 | S3: =A3&"|"&B3 -> chaotic|0002
A4: clueless | B4: 0001 | C4: transcripts/clueless/clueless_raw/transcript_0001.json | D4: faizan | R4: =42-SUM(E4:Q4) -> 42 | S4: =A4&"|"&B4 -> clueless|0001
A5: clueless | B5: 0002 | C5: transcripts/clueless/clueless_raw/transcript_0002.json | D5: faizan | R5: =42-SUM(E5:Q5) -> 42 | S5: =A5&"|"&B5 -> clueless|0002
A6: cooperative | B6: 0001 | C6: transcripts/cooperative/cooperative_raw/transcript_0001.json | D6: faizan | R6: =42-SUM(E6:Q6) -> 42 | S6: =A6&"|"&B6 -> cooperative|0001
A7: cooperative | B7: 0002 | C7: transcripts/cooperative/cooperative_raw/transcript_0002.json | D7: faizan | R7: =42-SUM(E7:Q7) -> 42 | S7: =A7&"|"&B7 -> cooperative|0002

Sheet romain grading
A1: persona type | B1: transcript number | C1: transcript | D1: grader name | E1: 1.1.A | F1: 1.1.B | G1: 1.1.C | H1: 1.2.A | I1: 1.2.B | J1: 1.3.A | K1: 1.3.B | L1: 2.1.A | M1: 2.2.A | N1: 2.2.B | O1: 3.1.A | P1: 3.2.A | Q1: 3.2.B | R1: total score | S1: _key
A2: chaotic | B2: 0001 | C2: transcripts/chaotic/chaotic_raw/transcript_0001.json | D2: romain | R2: =42-SUM(E2:Q2) -> 42 | S2: =A2&"|"&B2 -> chaotic|0001
A3: chaotic | B3: 0002 | C3: transcripts/chaotic/chaotic_raw/transcript_0002.json | D3: romain | R3: =42-SUM(E3:Q3) -> 42 | S3: =A3&"|"&B3 -> chaotic|0002
A4: clueless | B4: 0001 | C4: transcripts/clueless/clueless_raw/transcript_0001.json | D4: romain | R4: =42-SUM(E4:Q4) -> 42 | S4: =A4&"|"&B4 -> clueless|0001
A5: clueless | B5: 0002 | C5: transcripts/clueless/clueless_raw/transcript_0002.json | D5: romain | R5: =42-SUM(E5:Q5) -> 42 | S5: =A5&"|"&B5 -> clueless|0002
A6: cooperative | B6: 0001 | C6: transcripts/cooperative/cooperative_raw/transcript_0001.json | D6: romain | R6: =42-SUM(E6:Q6) -> 42 | S6: =A6&"|"&B6 -> cooperative|0001
A7: cooperative | B7: 0002 | C7: transcripts/cooperative/cooperative_raw/transcript_0002.json | D7: romain | R7: =42-SUM(E7:Q7) -> 42 | S7: =A7&"|"&B7 -> cooperative|0002

Sheet nishita grading
A1: persona type | B1: transcript number | C1: transcript | D1: grader name | E1: 1.1.A | F1: 1.1.B | G1: 1.1.C | H1: 1.2.A | I1: 1.2.B | J1: 1.3.A | K1: 1.3.B | L1: 2.1.A | M1: 2.2.A | N1: 2.2.B | O1: 3.1.A | P1: 3.2.A | Q1: 3.2.B | R1: total score | S1: _key
A2: chaotic | B2: 0001 | C2: transcripts/chaotic/chaotic_raw/transcript_0001.json | D2: nishita | R2: =42-SUM(E2:Q2) -> 42 | S2: =A2&"|"&B2 -> chaotic|0001
A3: chaotic | B3: 0002 | C3: transcripts/chaotic/chaotic_raw/transcript_0002.json | D3: nishita | R3: =42-SUM(E3:Q3) -> 42 | S3: =A3&"|"&B3 -> chaotic|0002
A4: clueless | B4: 0001 | C4: transcripts/clueless/clueless_raw/transcript_0001.json | D4: nishita | R4: =42-SUM(E4:Q4) -> 42 | S4: =A4&"|"&B4 -> clueless|0001
A5: clueless | B5: 0002 | C5: transcripts/clueless/clueless_raw/transcript_0002.json | D5: nishita | R5: =42-SUM(E5:Q5) -> 42 | S5: =A5&"|"&B5 -> clueless|0002
A6: cooperative | B6: 0001 | C6: transcripts/cooperative/cooperative_raw/transcript_0001.json | D6: nishita | R6: =42-SUM(E6:Q6) -> 42 | S6: =A6&"|"&B6 -> cooperative|0001
A7: cooperative | B7: 0002 | C7: transcripts/cooperative/cooperative_raw/transcript_0002.json | D7: nishita | R7: =42-SUM(E7:Q7) -> 42 | S7: =A7&"|"&B7 -> cooperative|0002
