Workbook

Sheet compiled grading
A1: persona type | B1: transcript number | C1: grader name | D1: 1.1.A | E1: 1.1.B | F1: 1.1.C | G1: 1.2.A | H1: 1.2.B | I1: 1.3.A | J1: 1.3.B | K1: 1.3.C | L1: 2.1.A | M1: 2.2.A | N1: 2.2.B | O1: 3.1.A | P1: 3.2.A | Q1: 3.2.B | R1: total score
A2: cooperative | B2: 123 | C2: faizan | D2: =IF($C2="faizan",SUMIFS('faizan grading'!D:D,'faizan grading'!$A:$A,$A2,'faizan grading'!$B:$B,$B2),IF($C2="romain",SUMIFS('romain grading'!D:D,'romain grading'!$A:$A,$A2,'romain grading'!$B:$B,$B2),SUMIFS('nishita grading'!D:D,'nishita grading'!$A:$A,$A2,'nishita grading'!$B:$B,$B2))) | E2: =IF($C2="faizan",SUMIFS('faizan grading'!E:E,'faizan grading'!$A:$A,$A2,'faizan grading'!$B:$B,$B2),IF($C2="romain",SUMIFS('romain grading'!E:E,'romain grading'!$A:$A,$A2,'romain grading'!$B:$B,$B2),SUMIFS('nishita grading'!E:E,'nishita grading'!$A:$A,$A2,'nishita grading'!$B:$B,$B2))) | F2: =IF($C2="faizan",SUMIFS('faizan grading'!F:F,'faizan grading'!$A:$A,$A2,'faizan grading'!$B:$B,$B2),IF($C2="romain",SUMIFS('romain grading'!F:F,'romain grading'!$A:$A,$A2,'romain grading'!$B:$B,$B2),SUMIFS('nishita grading'!F:F,'nishita grading'!$A:$A,$A2,'nishita grading'!$B:$B,$B2))) | G2: =IF($C2="faizan",SUMIFS('faizan grading'!G:G,'faizan grading'!$A:$A,$A2,'faizan grading'!$B:$B,$B2),IF($C2="romain",SUMIFS('romain grading'!G:G,'romain grading'!$A:$A,$A2,'romain grading'!$B:$B,$B2),SUMIFS('nishita grading'!G:G,'nishita grading'!$A:$A,$A2,'nishita grading'!$B:$B,$B2))) | H2: =IF($C2="faizan",SUMIFS('faizan grading'!H:H,'faizan grading'!$A:$A,$A2,'faizan grading'!$B:$B,$B2),IF($C2="romain",SUMIFS('romain grading'!H:H,'romain grading'!$A:$A,$A2,'romain grading'!$B:$B,$B2),SUMIFS('nishita grading'!H:H,'nishita grading'!$A:$A,$A2,'nishita grading'!$B:$B,$B2))) | I2: =IF($C2="faizan",SUMIFS('faizan grading'!I:I,'faizan grading'!$A:$A,$A2,'faizan grading'!$B:$B,$B2),IF($C2="romain",SUMIFS('romain grading'!I:I,'romain grading'!$A:$A,$A2,'romain grading'!$B:$B,$B2),SUMIFS('nishita grading'!I:I,'nishita grading'!$A:$A,$A2,'nishita grading'!$B:$B,$B2))) | J2: =IF($C2="faizan",SUMIFS('faizan grading'!J:J,'faizan grading'!$A:$A,$A2,'faizan grading'!$B:$B,$B2),IF($C2="romain",SUMIFS('romain grading'!J:J,'romain grading'!$A:$A,$A2,'romain grading'!$B:$B,$B2),SUMIFS('nishita grading'!J:J,'nishita grading'!$A:$A,$A2,'nishita grading'!$B:$B,$B2))) | K2: =IF($C2="faizan",SUMIFS('faizan grading'!K:K,'faizan grading'!$A:$A,$A2,'faizan grading'!$B:$B,$B2),IF($C2="romain",SUMIFS('romain grading'!K:K,'romain grading'!$A:$A,$A2,'romain grading'!$B:$B,$B2),SUMIFS('nishita grading'!K:K,'nishita grading'!$A:$A,$A2,'nishita grading'!$B:$B,$B2))) | L2: =IF($C2="faizan",SUMIFS('faizan grading'!L:L,'faizan grading'!$A:$A,$A2,'faizan grading'!$B:$B,$B2),IF($C2="romain",SUMIFS('romain grading'!L:L,'romain grading'!$A:$A,$A2,'romain grading'!$B:$B,$B2),SUMIFS('nishita grading'!L:L,'nishita grading'!$A:$A,$A2,'nishita grading'!$B:$B,$B2))) | M2: =IF($C2="faizan",SUMIFS('faizan grading'!M:M,'faizan grading'!$A:$A,$A2,'faizan grading'!$B:$B,$B2),IF($C2="romain",SUMIFS('romain grading'!M:M,'romain grading'!$A:$A,$A2,'romain grading'!$B:$B,$B2),SUMIFS('nishita grading'!M:M,'nishita grading'!$A:$A,$A2,'nishita grading'!$B:$B,$B2))) | N2: =IF($C2="faizan",SUMIFS('faizan grading'!N:N,'faizan grading'!$A:$A,$A2,'faizan grading'!$B:$B,$B2),IF($C2="romain",SUMIFS('romain grading'!N:N,'romain grading'!$A:$A,$A2,'romain grading'!$B:$B,$B2),SUMIFS('nishita grading'!N:N,'nishita grading'!$A:$A,$A2,'nishita grading'!$B:$B,$B2))) | O2: =IF($C2="faizan",SUMIFS('faizan grading'!O:O,'faizan grading'!$A:$A,$A2,'faizan grading'!$B:$B,$B2),IF($C2="romain",SUMIFS('romain grading'!O:O,'romain grading'!$A:$A,$A2,'romain grading'!$B:$B,$B2),SUMIFS('nishita grading'!O:O,'nishita grading'!$A:$A,$A2,'nishita grading'!$B:$B,$B2))) | P2: =IF($C2="faizan",SUMIFS('faizan grading'!P:P,'faizan grading'!$A:$A,$A2,'faizan grading'!$B:$B,$B2),IF($C2="romain",SUMIFS('romain grading'!P:P,'romain grading'!$A:$A,$A2,'romain grading'!$B:$B,$B2),SUMIFS('nishita grading'!P:P,'nishita grading'!$A:$A,$A2,'nishita grading'!$B:$B,$B2))) | Q2: =IF($C2="faizan",SUMIFS('faizan grading'!Q:Q,'faizan grading'!$A:$A,$A2,'faizan grading'!$B:$B,$B2),IF($C2="romain",SUMIFS('romain grading'!Q:Q,'romain grading'!$A:$A,$A2,'romain grading'!$B:$B,$B2),SUMIFS('nishita grading'!Q:Q,'nishita grading'!$A:$A,$A2,'nishita grading'!$B:$B,$B2))) | R2: =44-SUM(D2:Q2)
A3: cooperative | B3: 123 | C3: romain | D3: =IF($C3="faizan",SUMIFS('faizan grading'!D:D,'faizan grading'!$A:$A,$A3,'faizan grading'!$B:$B,$B3),IF($C3="romain",SUMIFS('romain grading'!D:D,'romain grading'!$A:$A,$A3,'romain grading'!$B:$B,$B3),SUMIFS('nishita grading'!D:D,'nishita grading'!$A:$A,$A3,'nishita grading'!$B:$B,$B3))) | E3: =IF($C3="faizan",SUMIFS('faizan grading'!E:E,'faizan grading'!$A:$A,$A3,'faizan grading'!$B:$B,$B3),IF($C3="romain",SUMIFS('romain grading'!E:E,'romain grading'!$A:$A,$A3,'romain grading'!$B:$B,$B3),SUMIFS('nishita grading'!E:E,'nishita grading'!$A:$A,$A3,'nishita grading'!$B:$B,$B3))) | F3: =IF($C3="faizan",SUMIFS('faizan grading'!F:F,'faizan grading'!$A:$A,$A3,'faizan grading'!$B:$B,$B3),IF($C3="romain",SUMIFS('romain grading'!F:F,'romain grading'!$A:$A,$A3,'romain grading'!$B:$B,$B3),SUMIFS('nishita grading'!F:F,'nishita grading'!$A:$A,$A3,'nishita grading'!$B:$B,$B3))) | G3: =IF($C3="faizan",SUMIFS('faizan grading'!G:G,'faizan grading'!$A:$A,$A3,'faizan grading'!$B:$B,$B3),IF($C3="romain",SUMIFS('romain grading'!G:G,'romain grading'!$A:$A,$A3,'romain grading'!$B:$B,$B3),SUMIFS('nishita grading'!G:G,'nishita grading'!$A:$A,$A3,'nishita grading'!$B:$B,$B3))) | H3: =IF($C3="faizan",SUMIFS('faizan grading'!H:H,'faizan grading'!$A:$A,$A3,'faizan grading'!$B:$B,$B3),IF($C3="romain",SUMIFS('romain grading'!H:H,'romain grading'!$A:$A,$A3,'romain grading'!$B:$B,$B3),SUMIFS('nishita grading'!H:H,'nishita grading'!$A:$A,$A3,'nishita grading'!$B:$B,$B3))) | I3: =IF($C3="faizan",SUMIFS('faizan grading'!I:I,'faizan grading'!$A:$A,$A3,'faizan grading'!$B:$B,$B3),IF($C3="romain",SUMIFS('romain grading'!I:I,'romain grading'!$A:$A,$A3,'romain grading'!$B:$B,$B3),SUMIFS('nishita grading'!I:I,'nishita grading'!$A:$A,$A3,'nishita grading'!$B:$B,$B3))) | J3: =IF($C3="faizan",SUMIFS('faizan grading'!J:J,'faizan grading'!$A:$A,$A3,'faizan grading'!$B:$B,$B3),IF($C3="romain",SUMIFS('romain grading'!J:J,'romain grading'!$A:$A,$A3,'romain grading'!$B:$B,$B3),SUMIFS('nishita grading'!J:J,'nishita grading'!$A:$A,$A3,'nishita grading'!$B:$B,$B3))) | K3: =IF($C3="faizan",SUMIFS('faizan grading'!K:K,'faizan grading'!$A:$A,$A3,'faizan grading'!$B:$B,$B3),IF($C3="romain",SUMIFS('romain grading'!K:K,'romain grading'!$A:$A,$A3,'romain grading'!$B:$B,$B3),SUMIFS('nishita grading'!K:K,'nishita grading'!$A:$A,$A3,'nishita grading'!$B:$B,$B3))) | L3: =IF($C3="faizan",SUMIFS('faizan grading'!L:L,'faizan grading'!$A:$A,$A3,'faizan grading'!$B:$B,$B3),IF($C3="romain",SUMIFS('romain grading'!L:L,'romain grading'!$A:$A,$A3,'romain grading'!$B:$B,$B3),SUMIFS('nishita grading'!L:L,'nishita grading'!$A:$A,$A3,'nishita grading'!$B:$B,$B3))) | M3: =IF($C3="faizan",SUMIFS('faizan grading'!M:M,'faizan grading'!$A:$A,$A3,'faizan grading'!$B:$B,$B3),IF($C3="romain",SUMIFS('romain grading'!M:M,'romain grading'!$A:$A,$A3,'romain grading'!$B:$B,$B3),SUMIFS('nishita grading'!M:M,'nishita grading'!$A:$A,$A3,'nishita grading'!$B:$B,$B3))) | N3: =IF($C3="faizan",SUMIFS('faizan grading'!N:N,'faizan grading'!$A:$A,$A3,'faizan grading'!$B:$B,$B3),IF($C3="romain",SUMIFS('romain grading'!N:N,'romain grading'!$A:$A,$A3,'romain grading'!$B:$B,$B3),SUMIFS('nishita grading'!N:N,'nishita grading'!$A:$A,$A3,'nishita grading'!$B:$B,$B3))) | O3: =IF($C3="faizan",SUMIFS('faizan grading'!O:O,'faizan grading'!$A:$A,$A3,'faizan grading'!$B:$B,$B3),IF($C3="romain",SUMIFS('romain grading'!O:O,'romain grading'!$A:$A,$A3,'romain grading'!$B:$B,$B3),SUMIFS('nishita grading'!O:O,'nishita grading'!$A:$A,$A3,'nishita grading'!$B:$B,$B3))) | P3: =IF($C3="faizan",SUMIFS('faizan grading'!P:P,'faizan grading'!$A:$A,$A3,'faizan grading'!$B:$B,$B3),IF($C3="romain",SUMIFS('romain grading'!P:P,'romain grading'!$A:$A,$A3,'romain grading'!$B:$B,$B3),SUMIFS('nishita grading'!P:P,'nishita grading'!$A:$A,$A3,'nishita grading'!$B:$B,$B3))) | Q3: =IF($C3="faizan",SUMIFS('faizan grading'!Q:Q,'faizan grading'!$A:$A,$A3,'faizan grading'!$B:$B,$B3),IF($C3="romain",SUMIFS('romain grading'!Q:Q,'romain grading'!$A:$A,$A3,'romain grading'!$B:$B,$B3),SUMIFS('nishita grading'!Q:Q,'nishita grading'!$A:$A,$A3,'nishita grading'!$B:$B,$B3))) | R3: =44-SUM(D3:Q3)
A4: cooperative | B4: 123 | C4: nishita | D4: =IF($C4="faizan",SUMIFS('faizan grading'!D:D,'faizan grading'!$A:$A,$A4,'faizan grading'!$B:$B,$B4),IF($C4="romain",SUMIFS('romain grading'!D:D,'romain grading'!$A:$A,$A4,'romain grading'!$B:$B,$B4),SUMIFS('nishita grading'!D:D,'nishita grading'!$A:$A,$A4,'nishita grading'!$B:$B,$B4))) | E4: =IF($C4="faizan",SUMIFS('faizan grading'!E:E,'faizan grading'!$A:$A,$A4,'faizan grading'!$B:$B,$B4),IF($C4="romain",SUMIFS('romain grading'!E:E,'romain grading'!$A:$A,$A4,'romain grading'!$B:$B,$B4),SUMIFS('nishita grading'!E:E,'nishita grading'!$A:$A,$A4,'nishita grading'!$B:$B,$B4))) | F4: =IF($C4="faizan",SUMIFS('faizan grading'!F:F,'faizan grading'!$A:$A,$A4,'faizan grading'!$B:$B,$B4),IF($C4="romain",SUMIFS('romain grading'!F:F,'romain grading'!$A:$A,$A4,'romain grading'!$B:$B,$B4),SUMIFS('nishita grading'!F:F,'nishita grading'!$A:$A,$A4,'nishita grading'!$B:$B,$B4))) | G4: =IF($C4="faizan",SUMIFS('faizan grading'!G:G,'faizan grading'!$A:$A,$A4,'faizan grading'!$B:$B,$B4),IF($C4="romain",SUMIFS('romain grading'!G:G,'romain grading'!$A:$A,$A4,'romain grading'!$B:$B,$B4),SUMIFS('nishita grading'!G:G,'nishita grading'!$A:$A,$A4,'nishita grading'!$B:$B,$B4))) | H4: =IF($C4="faizan",SUMIFS('faizan grading'!H:H,'faizan grading'!$A:$A,$A4,'faizan grading'!$B:$B,$B4),IF($C4="romain",SUMIFS('romain grading'!H:H,'romain grading'!$A:$A,$A4,'romain grading'!$B:$B,$B4),SUMIFS('nishita grading'!H:H,'nishita grading'!$A:$A,$A4,'nishita grading'!$B:$B,$B4))) | I4: =IF($C4="faizan",SUMIFS('faizan grading'!I:I,'faizan grading'!$A:$A,$A4,'faizan grading'!$B:$B,$B4),IF($C4="romain",SUMIFS('romain grading'!I:I,'romain grading'!$A:$A,$A4,'romain grading'!$B:$B,$B4),SUMIFS('nishita grading'!I:I,'nishita grading'!$A:$A,$A4,'nishita grading'!$B:$B,$B4))) | J4: =IF($C4="faizan",SUMIFS('faizan grading'!J:J,'faizan grading'!$A:$A,$A4,'faizan grading'!$B:$B,$B4),IF($C4="romain",SUMIFS('romain grading'!J:J,'romain grading'!$A:$A,$A4,'romain grading'!$B:$B,$B4),SUMIFS('nishita grading'!J:J,'nishita grading'!$A:$A,$A4,'nishita grading'!$B:$B,$B4))) | K4: =IF($C4="faizan",SUMIFS('faizan grading'!K:K,'faizan grading'!$A:$A,$A4,'faizan grading'!$B:$B,$B4),IF($C4="romain",SUMIFS('romain grading'!K:K,'romain grading'!$A:$A,$A4,'romain grading'!$B:$B,$B4),SUMIFS('nishita grading'!K:K,'nishita grading'!$A:$A,$A4,'nishita grading'!$B:$B,$B4))) | L4: =IF($C4="faizan",SUMIFS('faizan grading'!L:L,'faizan grading'!$A:$A,$A4,'faizan grading'!$B:$B,$B4),IF($C4="romain",SUMIFS('romain grading'!L:L,'romain grading'!$A:$A,$A4,'romain grading'!$B:$B,$B4),SUMIFS('nishita grading'!L:L,'nishita grading'!$A:$A,$A4,'nishita grading'!$B:$B,$B4))) | M4: =IF($C4="faizan",SUMIFS('faizan grading'!M:M,'faizan grading'!$A:$A,$A4,'faizan grading'!$B:$B,$B4),IF($C4="romain",SUMIFS('romain grading'!M:M,'romain grading'!$A:$A,$A4,'romain grading'!$B:$B,$B4),SUMIFS('nishita grading'!M:M,'nishita grading'!$A:$A,$A4,'nishita grading'!$B:$B,$B4))) | N4: =IF($C4="faizan",SUMIFS('faizan grading'!N:N,'faizan grading'!$A:$A,$A4,'faizan grading'!$B:$B,$B4),IF($C4="romain",SUMIFS('romain grading'!N:N,'romain grading'!$A:$A,$A4,'romain grading'!$B:$B,$B4),SUMIFS('nishita grading'!N:N,'nishita grading'!$A:$A,$A4,'nishita grading'!$B:$B,$B4))) | O4: =IF($C4="faizan",SUMIFS('faizan grading'!O:O,'faizan grading'!$A:$A,$A4,'faizan grading'!$B:$B,$B4),IF($C4="romain",SUMIFS('romain grading'!O:O,'romain grading'!$A:$A,$A4,'romain grading'!$B:$B,$B4),SUMIFS('nishita grading'!O:O,'nishita grading'!$A:$A,$A4,'nishita grading'!$B:$B,$B4))) | P4: =IF($C4="faizan",SUMIFS('faizan grading'!P:P,'faizan grading'!$A:$A,$A4,'faizan grading'!$B:$B,$B4),IF($C4="romain",SUMIFS('romain grading'!P:P,'romain grading'!$A:$A,$A4,'romain grading'!$B:$B,$B4),SUMIFS('nishita grading'!P:P,'nishita grading'!$A:$A,$A4,'nishita grading'!$B:$B,$B4))) | Q4: =IF($C4="faizan",SUMIFS('faizan grading'!Q:Q,'faizan grading'!$A:$A,$A4,'faizan grading'!$B:$B,$B4),IF($C4="romain",SUMIFS('romain grading'!Q:Q,'romain grading'!$A:$A,$A4,'romain grading'!$B:$B,$B4),SUMIFS('nishita grading'!Q:Q,'nishita grading'!$A:$A,$A4,'nishita grading'!$B:$B,$B4))) | R4: =44-SUM(D4:Q4)
A5: clueless | B5: 52 | C5: faizan | D5: =IF($C5="faizan",SUMIFS('faizan grading'!D:D,'faizan grading'!$A:$A,$A5,'faizan grading'!$B:$B,$B5),IF($C5="romain",SUMIFS('romain grading'!D:D,'romain grading'!$A:$A,$A5,'romain grading'!$B:$B,$B5),SUMIFS('nishita grading'!D:D,'nishita grading'!$A:$A,$A5,'nishita grading'!$B:$B,$B5))) | E5: =IF($C5="faizan",SUMIFS('faizan grading'!E:E,'faizan grading'!$A:$A,$A5,'faizan grading'!$B:$B,$B5),IF($C5="romain",SUMIFS('romain grading'!E:E,'romain grading'!$A:$A,$A5,'romain grading'!$B:$B,$B5),SUMIFS('nishita grading'!E:E,'nishita grading'!$A:$A,$A5,'nishita grading'!$B:$B,$B5))) | F5: =IF($C5="faizan",SUMIFS('faizan grading'!F:F,'faizan grading'!$A:$A,$A5,'faizan grading'!$B:$B,$B5),IF($C5="romain",SUMIFS('romain grading'!F:F,'romain grading'!$A:$A,$A5,'romain grading'!$B:$B,$B5),SUMIFS('nishita grading'!F:F,'nishita grading'!$A:$A,$A5,'nishita grading'!$B:$B,$B5))) | G5: =IF($C5="faizan",SUMIFS('faizan grading'!G:G,'faizan grading'!$A:$A,$A5,'faizan grading'!$B:$B,$B5),IF($C5="romain",SUMIFS('romain grading'!G:G,'romain grading'!$A:$A,$A5,'romain grading'!$B:$B,$B5),SUMIFS('nishita grading'!G:G,'nishita grading'!$A:$A,$A5,'nishita grading'!$B:$B,$B5))) | H5: =IF($C5="faizan",SUMIFS('faizan grading'!H:H,'faizan grading'!$A:$A,$A5,'faizan grading'!$B:$B,$B5),IF($C5="romain",SUMIFS('romain grading'!H:H,'romain grading'!$A:$A,$A5,'romain grading'!$B:$B,$B5),SUMIFS('nishita grading'!H:H,'nishita grading'!$A:$A,$A5,'nishita grading'!$B:$B,$B5))) | I5: =IF($C5="faizan",SUMIFS('faizan grading'!I:I,'faizan grading'!$A:$A,$A5,'faizan grading'!$B:$B,$B5),IF($C5="romain",SUMIFS('romain grading'!I:I,'romain grading'!$A:$A,$A5,'romain grading'!$B:$B,$B5),SUMIFS('nishita grading'!I:I,'nishita grading'!$A:$A,$A5,'nishita grading'!$B:$B,$B5))) | J5: =IF($C5="faizan",SUMIFS('faizan grading'!J:J,'faizan grading'!$A:$A,$A5,'faizan grading'!$B:$B,$B5),IF($C5="romain",SUMIFS('romain grading'!J:J,'romain grading'!$A:$A,$A5,'romain grading'!$B:$B,$B5),SUMIFS('nishita grading'!J:J,'nishita grading'!$A:$A,$A5,'nishita grading'!$B:$B,$B5))) | K5: =IF($C5="faizan",SUMIFS('faizan grading'!K:K,'faizan grading'!$A:$A,$A5,'faizan grading'!$B:$B,$B5),IF($C5="romain",SUMIFS('romain grading'!K:K,'romain grading'!$A:$A,$A5,'romain grading'!$B:$B,$B5),SUMIFS('nishita grading'!K:K,'nishita grading'!$A:$A,$A5,'nishita grading'!$B:$B,$B5))) | L5: =IF($C5="faizan",SUMIFS('faizan grading'!L:L,'faizan grading'!$A:$A,$A5,'faizan grading'!$B:$B,$B5),IF($C5="romain",SUMIFS('romain grading'!L:L,'romain grading'!$A:$A,$A5,'romain grading'!$B:$B,$B5),SUMIFS('nishita grading'!L:L,'nishita grading'!$A:$A,$A5,'nishita grading'!$B:$B,$B5))) | M5: =IF($C5="faizan",SUMIFS('faizan grading'!M:M,'faizan grading'!$A:$A,$A5,'faizan grading'!$B:$B,$B5),IF($C5="romain",SUMIFS('romain grading'!M:M,'romain grading'!$A:$A,$A5,'romain grading'!$B:$B,$B5),SUMIFS('nishita grading'!M:M,'nishita grading'!$A:$A,$A5,'nishita grading'!$B:$B,$B5))) | N5: =IF($C5="faizan",SUMIFS('faizan grading'!N:N,'faizan grading'!$A:$A,$A5,'faizan grading'!$B:$B,$B5),IF($C5="romain",SUMIFS('romain grading'!N:N,'romain grading'!$A:$A,$A5,'romain grading'!$B:$B,$B5),SUMIFS('nishita grading'!N:N,'nishita grading'!$A:$A,$A5,'nishita grading'!$B:$B,$B5))) | O5: =IF($C5="faizan",SUMIFS('faizan grading'!O:O,'faizan grading'!$A:$A,$A5,'faizan grading'!$B:$B,$B5),IF($C5="romain",SUMIFS('romain grading'!O:O,'romain grading'!$A:$A,$A5,'romain grading'!$B:$B,$B5),SUMIFS('nishita grading'!O:O,'nishita grading'!$A:$A,$A5,'nishita grading'!$B:$B,$B5))) | P5: =IF($C5="faizan",SUMIFS('faizan grading'!P:P,'faizan grading'!$A:$A,$A5,'faizan grading'!$B:$B,$B5),IF($C5="romain",SUMIFS('romain grading'!P:P,'romain grading'!$A:$A,$A5,'romain grading'!$B:$B,$B5),SUMIFS('nishita grading'!P:P,'nishita grading'!$A:$A,$A5,'nishita grading'!$B:$B,$B5))) | Q5: =IF($C5="faizan",SUMIFS('faizan grading'!Q:Q,'faizan grading'!$A:$A,$A5,'faizan grading'!$B:$B,$B5),IF($C5="romain",SUMIFS('romain grading'!Q:Q,'romain grading'!$A:$A,$A5,'romain grading'!$B:$B,$B5),SUMIFS('nishita grading'!Q:Q,'nishita grading'!$A:$A,$A5,'nishita grading'!$B:$B,$B5))) | R5: =44-SUM(D5:Q5)
A6: clueless | B6: 52 | C6: romain | D6: =IF($C6="faizan",SUMIFS('faizan grading'!D:D,'faizan grading'!$A:$A,$A6,'faizan grading'!$B:$B,$B6),IF($C6="romain",SUMIFS('romain grading'!D:D,'romain grading'!$A:$A,$A6,'romain grading'!$B:$B,$B6),SUMIFS('nishita grading'!D:D,'nishita grading'!$A:$A,$A6,'nishita grading'!$B:$B,$B6))) | E6: =IF($C6="faizan",SUMIFS('faizan grading'!E:E,'faizan grading'!$A:$A,$A6,'faizan grading'!$B:$B,$B6),IF($C6="romain",SUMIFS('romain grading'!E:E,'romain grading'!$A:$A,$A6,'romain grading'!$B:$B,$B6),SUMIFS('nishita grading'!E:E,'nishita grading'!$A:$A,$A6,'nishita grading'!$B:$B,$B6))) | F6: =IF($C6="faizan",SUMIFS('faizan grading'!F:F,'faizan grading'!$A:$A,$A6,'faizan grading'!$B:$B,$B6),IF($C6="romain",SUMIFS('romain grading'!F:F,'romain grading'!$A:$A,$A6,'romain grading'!$B:$B,$B6),SUMIFS('nishita grading'!F:F,'nishita grading'!$A:$A,$A6,'nishita grading'!$B:$B,$B6))) | G6: =IF($C6="faizan",SUMIFS('faizan grading'!G:G,'faizan grading'!$A:$A,$A6,'faizan grading'!$B:$B,$B6),IF($C6="romain",SUMIFS('romain grading'!G:G,'romain grading'!$A:$A,$A6,'romain grading'!$B:$B,$B6),SUMIFS('nishita grading'!G:G,'nishita grading'!$A:$A,$A6,'nishita grading'!$B:$B,$B6))) | H6: =IF($C6="faizan",SUMIFS('faizan grading'!H:H,'faizan grading'!$A:$A,$A6,'faizan grading'!$B:$B,$B6),IF($C6="romain",SUMIFS('romain grading'!H:H,'romain grading'!$A:$A,$A6,'romain grading'!$B:$B,$B6),SUMIFS('nishita grading'!H:H,'nishita grading'!$A:$A,$A6,'nishita grading'!$B:$B,$B6))) | I6: =IF($C6="faizan",SUMIFS('faizan grading'!I:I,'faizan grading'!$A:$A,$A6,'faizan grading'!$B:$B,$B6),IF($C6="romain",SUMIFS('romain grading'!I:I,'romain grading'!$A:$A,$A6,'romain grading'!$B:$B,$B6),SUMIFS('nishita grading'!I:I,'nishita grading'!$A:$A,$A6,'nishita grading'!$B:$B,$B6))) | J6: =IF($C6="faizan",SUMIFS('faizan grading'!J:J,'faizan grading'!$A:$A,$A6,'faizan grading'!$B:$B,$B6),IF($C6="romain",SUMIFS('romain grading'!J:J,'romain grading'!$A:$A,$A6,'romain grading'!$B:$B,$B6),SUMIFS('nishita grading'!J:J,'nishita grading'!$A:$A,$A6,'nishita grading'!$B:$B,$B6))) | K6: =IF($C6="faizan",SUMIFS('faizan grading'!K:K,'faizan grading'!$A:$A,$A6,'faizan grading'!$B:$B,$B6),IF($C6="romain",SUMIFS('romain grading'!K:K,'romain grading'!$A:$A,$A6,'romain grading'!$B:$B,$B6),SUMIFS('nishita grading'!K:K,'nishita grading'!$A:$A,$A6,'nishita grading'!$B:$B,$B6))) | L6: =IF($C6="faizan",SUMIFS('faizan grading'!L:L,'faizan grading'!$A:$A,$A6,'faizan grading'!$B:$B,$B6),IF($C6="romain",SUMIFS('romain grading'!L:L,'romain grading'!$A:$A,$A6,'romain grading'!$B:$B,$B6),SUMIFS('nishita grading'!L:L,'nishita grading'!$A:$A,$A6,'nishita grading'!$B:$B,$B6))) | M6: =IF($C6="faizan",SUMIFS('faizan grading'!M:M,'faizan grading'!$A:$A,$A6,'faizan grading'!$B:$B,$B6),IF($C6="romain",SUMIFS('romain grading'!M:M,'romain grading'!$A:$A,$A6,'romain grading'!$B:$B,$B6),SUMIFS('nishita grading'!M:M,'nishita grading'!$A:$A,$A6,'nishita grading'!$B:$B,$B6))) | N6: =IF($C6="faizan",SUMIFS('faizan grading'!N:N,'faizan grading'!$A:$A,$A6,'faizan grading'!$B:$B,$B6),IF($C6="romain",SUMIFS('romain grading'!N:N,'romain grading'!$A:$A,$A6,'romain grading'!$B:$B,$B6),SUMIFS('nishita grading'!N:N,'nishita grading'!$A:$A,$A6,'nishita grading'!$B:$B,$B6))) | O6: =IF($C6="faizan",SUMIFS('faizan grading'!O:O,'faizan grading'!$A:$A,$A6,'faizan grading'!$B:$B,$B6),IF($C6="romain",SUMIFS('romain grading'!O:O,'romain grading'!$A:$A,$A6,'romain grading'!$B:$B,$B6),SUMIFS('nishita grading'!O:O,'nishita grading'!$A:$A,$A6,'nishita grading'!$B:$B,$B6))) | P6: =IF($C6="faizan",SUMIFS('faizan grading'!P:P,'faizan grading'!$A:$A,$A6,'faizan grading'!$B:$B,$B6),IF($C6="romain",SUMIFS('romain grading'!P:P,'romain grading'!$A:$A,$A6,'romain grading'!$B:$B,$B6),SUMIFS('nishita grading'!P:P,'nishita grading'!$A:$A,$A6,'nishita grading'!$B:$B,$B6))) | Q6: =IF($C6="faizan",SUMIFS('faizan grading'!Q:Q,'faizan grading'!$A:$A,$A6,'faizan grading'!$B:$B,$B6),IF($C6="romain",SUMIFS('romain grading'!Q:Q,'romain grading'!$A:$A,$A6,'romain grading'!$B:$B,$B6),SUMIFS('nishita grading'!Q:Q,'nishita grading'!$A:$A,$A6,'nishita grading'!$B:$B,$B6))) | R6: =44-SUM(D6:Q6)
A7: clueless | B7: 52 | C7: nishita | D7: =IF($C7="faizan",SUMIFS('faizan grading'!D:D,'faizan grading'!$A:$A,$A7,'faizan grading'!$B:$B,$B7),IF($C7="romain",SUMIFS('romain grading'!D:D,'romain grading'!$A:$A,$A7,'romain grading'!$B:$B,$B7),SUMIFS('nishita grading'!D:D,'nishita grading'!$A:$A,$A7,'nishita grading'!$B:$B,$B7))) | E7: =IF($C7="faizan",SUMIFS('faizan grading'!E:E,'faizan grading'!$A:$A,$A7,'faizan grading'!$B:$B,$B7),IF($C7="romain",SUMIFS('romain grading'!E:E,'romain grading'!$A:$A,$A7,'romain grading'!$B:$B,$B7),SUMIFS('nishita grading'!E:E,'nishita grading'!$A:$A,$A7,'nishita grading'!$B:$B,$B7))) | F7: =IF($C7="faizan",SUMIFS('faizan grading'!F:F,'faizan grading'!$A:$A,$A7,'faizan grading'!$B:$B,$B7),IF($C7="romain",SUMIFS('romain grading'!F:F,'romain grading'!$A:$A,$A7,'romain grading'!$B:$B,$B7),SUMIFS('nishita grading'!F:F,'nishita grading'!$A:$A,$A7,'nishita grading'!$B:$B,$B7))) | G7: =IF($C7="faizan",SUMIFS('faizan grading'!G:G,'faizan grading'!$A:$A,$A7,'faizan grading'!$B:$B,$B7),IF($C7="romain",SUMIFS('romain grading'!G:G,'romain grading'!$A:$A,$A7,'romain grading'!$B:$B,$B7),SUMIFS('nishita grading'!G:G,'nishita grading'!$A:$A,$A7,'nishita grading'!$B:$B,$B7))) | H7: =IF($C7="faizan",SUMIFS('faizan grading'!H:H,'faizan grading'!$A:$A,$A7,'faizan grading'!$B:$B,$B7),IF($C7="romain",SUMIFS('romain grading'!H:H,'romain grading'!$A:$A,$A7,'romain grading'!$B:$B,$B7),SUMIFS('nishita grading'!H:H,'nishita grading'!$A:$A,$A7,'nishita grading'!$B:$B,$B7))) | I7: =IF($C7="faizan",SUMIFS('faizan grading'!I:I,'faizan grading'!$A:$A,$A7,'faizan grading'!$B:$B,$B7),IF($C7="romain",SUMIFS('romain grading'!I:I,'romain grading'!$A:$A,$A7,'romain grading'!$B:$B,$B7),SUMIFS('nishita grading'!I:I,'nishita grading'!$A:$A,$A7,'nishita grading'!$B:$B,$B7))) | J7: =IF($C7="faizan",SUMIFS('faizan grading'!J:J,'faizan grading'!$A:$A,$A7,'faizan grading'!$B:$B,$B7),IF($C7="romain",SUMIFS('romain grading'!J:J,'romain grading'!$A:$A,$A7,'romain grading'!$B:$B,$B7),SUMIFS('nishita grading'!J:J,'nishita grading'!$A:$A,$A7,'nishita grading'!$B:$B,$B7))) | K7: =IF($C7="faizan",SUMIFS('faizan grading'!K:K,'faizan grading'!$A:$A,$A7,'faizan grading'!$B:$B,$B7),IF($C7="romain",SUMIFS('romain grading'!K:K,'romain grading'!$A:$A,$A7,'romain grading'!$B:$B,$B7),SUMIFS('nishita grading'!K:K,'nishita grading'!$A:$A,$A7,'nishita grading'!$B:$B,$B7))) | L7: =IF($C7="faizan",SUMIFS('faizan grading'!L:L,'faizan grading'!$A:$A,$A7,'faizan grading'!$B:$B,$B7),IF($C7="romain",SUMIFS('romain grading'!L:L,'romain grading'!$A:$A,$A7,'romain grading'!$B:$B,$B7),SUMIFS('nishita grading'!L:L,'nishita grading'!$A:$A,$A7,'nishita grading'!$B:$B,$B7))) | M7: =IF($C7="faizan",SUMIFS('faizan grading'!M:M,'faizan grading'!$A:$A,$A7,'faizan grading'!$B:$B,$B7),IF($C7="romain",SUMIFS('romain grading'!M:M,'romain grading'!$A:$A,$A7,'romain grading'!$B:$B,$B7),SUMIFS('nishita grading'!M:M,'nishita grading'!$A:$A,$A7,'nishita grading'!$B:$B,$B7))) | N7: =IF($C7="faizan",SUMIFS('faizan grading'!N:N,'faizan grading'!$A:$A,$A7,'faizan grading'!$B:$B,$B7),IF($C7="romain",SUMIFS('romain grading'!N:N,'romain grading'!$A:$A,$A7,'romain grading'!$B:$B,$B7),SUMIFS('nishita grading'!N:N,'nishita grading'!$A:$A,$A7,'nishita grading'!$B:$B,$B7))) | O7: =IF($C7="faizan",SUMIFS('faizan grading'!O:O,'faizan grading'!$A:$A,$A7,'faizan grading'!$B:$B,$B7),IF($C7="romain",SUMIFS('romain grading'!O:O,'romain grading'!$A:$A,$A7,'romain grading'!$B:$B,$B7),SUMIFS('nishita grading'!O:O,'nishita grading'!$A:$A,$A7,'nishita grading'!$B:$B,$B7))) | P7: =IF($C7="faizan",SUMIFS('faizan grading'!P:P,'faizan grading'!$A:$A,$A7,'faizan grading'!$B:$B,$B7),IF($C7="romain",SUMIFS('romain grading'!P:P,'romain grading'!$A:$A,$A7,'romain grading'!$B:$B,$B7),SUMIFS('nishita grading'!P:P,'nishita grading'!$A:$A,$A7,'nishita grading'!$B:$B,$B7))) | Q7: =IF($C7="faizan",SUMIFS('faizan grading'!Q:Q,'faizan grading'!$A:$A,$A7,'faizan grading'!$B:$B,$B7),IF($C7="romain",SUMIFS('romain grading'!Q:Q,'romain grading'!$A:$A,$A7,'romain grading'!$B:$B,$B7),SUMIFS('nishita grading'!Q:Q,'nishita grading'!$A:$A,$A7,'nishita grading'!$B:$B,$B7))) | R7: =44-SUM(D7:Q7)
A8: cooperative | B8: 110 | C8: faizan | D8: =IF($C8="faizan",SUMIFS('faizan grading'!D:D,'faizan grading'!$A:$A,$A8,'faizan grading'!$B:$B,$B8),IF($C8="romain",SUMIFS('romain grading'!D:D,'romain grading'!$A:$A,$A8,'romain grading'!$B:$B,$B8),SUMIFS('nishita grading'!D:D,'nishita grading'!$A:$A,$A8,'nishita grading'!$B:$B,$B8))) | E8: =IF($C8="faizan",SUMIFS('faizan grading'!E:E,'faizan grading'!$A:$A,$A8,'faizan grading'!$B:$B,$B8),IF($C8="romain",SUMIFS('romain grading'!E:E,'romain grading'!$A:$A,$A8,'romain grading'!$B:$B,$B8),SUMIFS('nishita grading'!E:E,'nishita grading'!$A:$A,$A8,'nishita grading'!$B:$B,$B8))) | F8: =IF($C8="faizan",SUMIFS('faizan grading'!F:F,'faizan grading'!$A:$A,$A8,'faizan grading'!$B:$B,$B8),IF($C8="romain",SUMIFS('romain grading'!F:F,'romain grading'!$A:$A,$A8,'romain grading'!$B:$B,$B8),SUMIFS('nishita grading'!F:F,'nishita grading'!$A:$A,$A8,'nishita grading'!$B:$B,$B8))) | G8: =IF($C8="faizan",SUMIFS('faizan grading'!G:G,'faizan grading'!$A:$A,$A8,'faizan grading'!$B:$B,$B8),IF($C8="romain",SUMIFS('romain grading'!G:G,'romain grading'!$A:$A,$A8,'romain grading'!$B:$B,$B8),SUMIFS('nishita grading'!G:G,'nishita grading'!$A:$A,$A8,'nishita grading'!$B:$B,$B8))) | H8: =IF($C8="faizan",SUMIFS('faizan grading'!H:H,'faizan grading'!$A:$A,$A8,'faizan grading'!$B:$B,$B8),IF($C8="romain",SUMIFS('romain grading'!H:H,'romain grading'!$A:$A,$A8,'romain grading'!$B:$B,$B8),SUMIFS('nishita grading'!H:H,'nishita grading'!$A:$A,$A8,'nishita grading'!$B:$B,$B8))) | I8: =IF($C8="faizan",SUMIFS('faizan grading'!I:I,'faizan grading'!$A:$A,$A8,'faizan grading'!$B:$B,$B8),IF($C8="romain",SUMIFS('romain grading'!I:I,'romain grading'!$A:$A,$A8,'romain grading'!$B:$B,$B8),SUMIFS('nishita grading'!I:I,'nishita grading'!$A:$A,$A8,'nishita grading'!$B:$B,$B8))) | J8: =IF($C8="faizan",SUMIFS('faizan grading'!J:J,'faizan grading'!$A:$A,$A8,'faizan grading'!$B:$B,$B8),IF($C8="romain",SUMIFS('romain grading'!J:J,'romain grading'!$A:$A,$A8,'romain grading'!$B:$B,$B8),SUMIFS('nishita grading'!J:J,'nishita grading'!$A:$A,$A8,'nishita grading'!$B:$B,$B8))) | K8: =IF($C8="faizan",SUMIFS('faizan grading'!K:K,'faizan grading'!$A:$A,$A8,'faizan grading'!$B:$B,$B8),IF($C8="romain",SUMIFS('romain grading'!K:K,'romain grading'!$A:$A,$A8,'romain grading'!$B:$B,$B8),SUMIFS('nishita grading'!K:K,'nishita grading'!$A:$A,$A8,'nishita grading'!$B:$B,$B8))) | L8: =IF($C8="faizan",SUMIFS('faizan grading'!L:L,'faizan grading'!$A:$A,$A8,'faizan grading'!$B:$B,$B8),IF($C8="romain",SUMIFS('romain grading'!L:L,'romain grading'!$A:$A,$A8,'romain grading'!$B:$B,$B8),SUMIFS('nishita grading'!L:L,'nishita grading'!$A:$A,$A8,'nishita grading'!$B:$B,$B8))) | M8: =IF($C8="faizan",SUMIFS('faizan grading'!M:M,'faizan grading'!$A:$A,$A8,'faizan grading'!$B:$B,$B8),IF($C8="romain",SUMIFS('romain grading'!M:M,'romain grading'!$A:$A,$A8,'romain grading'!$B:$B,$B8),SUMIFS('nishita grading'!M:M,'nishita grading'!$A:$A,$A8,'nishita grading'!$B:$B,$B8))) | N8: =IF($C8="faizan",SUMIFS('faizan grading'!N:N,'faizan grading'!$A:$A,$A8,'faizan grading'!$B:$B,$B8),IF($C8="romain",SUMIFS('romain grading'!N:N,'romain grading'!$A:$A,$A8,'romain grading'!$B:$B,$B8),SUMIFS('nishita grading'!N:N,'nishita grading'!$A:$A,$A8,'nishita grading'!$B:$B,$B8))) | O8: =IF($C8="faizan",SUMIFS('faizan grading'!O:O,'faizan grading'!$A:$A,$A8,'faizan grading'!$B:$B,$B8),IF($C8="romain",SUMIFS('romain grading'!O:O,'romain grading'!$A:$A,$A8,'romain grading'!$B:$B,$B8),SUMIFS('nishita grading'!O:O,'nishita grading'!$A:$A,$A8,'nishita grading'!$B:$B,$B8))) | P8: =IF($C8="faizan",SUMIFS('faizan grading'!P:P,'faizan grading'!$A:$A,$A8,'faizan grading'!$B:$B,$B8),IF($C8="romain",SUMIFS('romain grading'!P:P,'romain grading'!$A:$A,$A8,'romain grading'!$B:$B,$B8),SUMIFS('nishita grading'!P:P,'nishita grading'!$A:$A,$A8,'nishita grading'!$B:$B,$B8))) | Q8: =IF($C8="faizan",SUMIFS('faizan grading'!Q:Q,'faizan grading'!$A:$A,$A8,'faizan grading'!$B:$B,$B8),IF($C8="romain",SUMIFS('romain grading'!Q:Q,'romain grading'!$A:$A,$A8,'romain grading'!$B:$B,$B8),SUMIFS('nishita grading'!Q:Q,'nishita grading'!$A:$A,$A8,'nishita grading'!$B:$B,$B8))) | R8: =44-SUM(D8:Q8)
A9: cooperative | B9: 110 | C9: romain | D9: =IF($C9="faizan",SUMIFS('faizan grading'!D:D,'faizan grading'!$A:$A,$A9,'faizan grading'!$B:$B,$B9),IF($C9="romain",SUMIFS('romain grading'!D:D,'romain grading'!$A:$A,$A9,'romain grading'!$B:$B,$B9),SUMIFS('nishita grading'!D:D,'nishita grading'!$A:$A,$A9,'nishita grading'!$B:$B,$B9))) | E9: =IF($C9="faizan",SUMIFS('faizan grading'!E:E,'faizan grading'!$A:$A,$A9,'faizan grading'!$B:$B,$B9),IF($C9="romain",SUMIFS('romain grading'!E:E,'romain grading'!$A:$A,$A9,'romain grading'!$B:$B,$B9),SUMIFS('nishita grading'!E:E,'nishita grading'!$A:$A,$A9,'nishita grading'!$B:$B,$B9))) | F9: =IF($C9="faizan",SUMIFS('faizan grading'!F:F,'faizan grading'!$A:$A,$A9,'faizan grading'!$B:$B,$B9),IF($C9="romain",SUMIFS('romain grading'!F:F,'romain grading'!$A:$A,$A9,'romain grading'!$B:$B,$B9),SUMIFS('nishita grading'!F:F,'nishita grading'!$A:$A,$A9,'nishita grading'!$B:$B,$B9))) | G9: =IF($C9="faizan",SUMIFS('faizan grading'!G:G,'faizan grading'!$A:$A,$A9,'faizan grading'!$B:$B,$B9),IF($C9="romain",SUMIFS('romain grading'!G:G,'romain grading'!$A:$A,$A9,'romain grading'!$B:$B,$B9),SUMIFS('nishita grading'!G:G,'nishita grading'!$A:$A,$A9,'nishita grading'!$B:$B,$B9))) | H9: =IF($C9="faizan",SUMIFS('faizan grading'!H:H,'faizan grading'!$A:$A,$A9,'faizan grading'!$B:$B,$B9),IF($C9="romain",SUMIFS('romain grading'!H:H,'romain grading'!$A:$A,$A9,'romain grading'!$B:$B,$B9),SUMIFS('nishita grading'!H:H,'nishita grading'!$A:$A,$A9,'nishita grading'!$B:$B,$B9))) | I9: =IF($C9="faizan",SUMIFS('faizan grading'!I:I,'faizan grading'!$A:$A,$A9,'faizan grading'!$B:$B,$B9),IF($C9="romain",SUMIFS('romain grading'!I:I,'romain grading'!$A:$A,$A9,'romain grading'!$B:$B,$B9),SUMIFS('nishita grading'!I:I,'nishita grading'!$A:$A,$A9,'nishita grading'!$B:$B,$B9))) | J9: =IF($C9="faizan",SUMIFS('faizan grading'!J:J,'faizan grading'!$A:$A,$A9,'faizan grading'!$B:$B,$B9),IF($C9="romain",SUMIFS('romain grading'!J:J,'romain grading'!$A:$A,$A9,'romain grading'!$B:$B,$B9),SUMIFS('nishita grading'!J:J,'nishita grading'!$A:$A,$A9,'nishita grading'!$B:$B,$B9))) | K9: =IF($C9="faizan",SUMIFS('faizan grading'!K:K,'faizan grading'!$A:$A,$A9,'faizan grading'!$B:$B,$B9),IF($C9="romain",SUMIFS('romain grading'!K:K,'romain grading'!$A:$A,$A9,'romain grading'!$B:$B,$B9),SUMIFS('nishita grading'!K:K,'nishita grading'!$A:$A,$A9,'nishita grading'!$B:$B,$B9))) | L9: =IF($C9="faizan",SUMIFS('faizan grading'!L:L,'faizan grading'!$A:$A,$A9,'faizan grading'!$B:$B,$B9),IF($C9="romain",SUMIFS('romain grading'!L:L,'romain grading'!$A:$A,$A9,'romain grading'!$B:$B,$B9),SUMIFS('nishita grading'!L:L,'nishita grading'!$A:$A,$A9,'nishita grading'!$B:$B,$B9))) | M9: =IF($C9="faizan",SUMIFS('faizan grading'!M:M,'faizan grading'!$A:$A,$A9,'faizan grading'!$B:$B,$B9),IF($C9="romain",SUMIFS('romain grading'!M:M,'romain grading'!$A:$A,$A9,'romain grading'!$B:$B,$B9),SUMIFS('nishita grading'!M:M,'nishita grading'!$A:$A,$A9,'nishita grading'!$B:$B,$B9))) | N9: =IF($C9="faizan",SUMIFS('faizan grading'!N:N,'faizan grading'!$A:$A,$A9,'faizan grading'!$B:$B,$B9),IF($C9="romain",SUMIFS('romain grading'!N:N,'romain grading'!$A:$A,$A9,'romain grading'!$B:$B,$B9),SUMIFS('nishita grading'!N:N,'nishita grading'!$A:$A,$A9,'nishita grading'!$B:$B,$B9))) | O9: =IF($C9="faizan",SUMIFS('faizan grading'!O:O,'faizan grading'!$A:$A,$A9,'faizan grading'!$B:$B,$B9),IF($C9="romain",SUMIFS('romain grading'!O:O,'romain grading'!$A:$A,$A9,'romain grading'!$B:$B,$B9),SUMIFS('nishita grading'!O:O,'nishita grading'!$A:$A,$A9,'nishita grading'!$B:$B,$B9))) | P9: =IF($C9="faizan",SUMIFS('faizan grading'!P:P,'faizan grading'!$A:$A,$A9,'faizan grading'!$B:$B,$B9),IF($C9="romain",SUMIFS('romain grading'!P:P,'romain grading'!$A:$A,$A9,'romain grading'!$B:$B,$B9),SUMIFS('nishita grading'!P:P,'nishita grading'!$A:$A,$A9,'nishita grading'!$B:$B,$B9))) | Q9: =IF($C9="faizan",SUMIFS('faizan grading'!Q:Q,'faizan grading'!$A:$A,$A9,'faizan grading'!$B:$B,$B9),IF($C9="romain",SUMIFS('romain grading'!Q:Q,'romain grading'!$A:$A,$A9,'romain grading'!$B:$B,$B9),SUMIFS('nishita grading'!Q:Q,'nishita grading'!$A:$A,$A9,'nishita grading'!$B:$B,$B9))) | R9: =44-SUM(D9:Q9)
A10: cooperative | B10: 110 | C10: nishita | D10: =IF($C10="faizan",SUMIFS('faizan grading'!D:D,'faizan grading'!$A:$A,$A10,'faizan grading'!$B:$B,$B10),IF($C10="romain",SUMIFS('romain grading'!D:D,'romain grading'!$A:$A,$A10,'romain grading'!$B:$B,$B10),SUMIFS('nishita grading'!D:D,'nishita grading'!$A:$A,$A10,'nishita grading'!$B:$B,$B10))) | E10: =IF($C10="faizan",SUMIFS('faizan grading'!E:E,'faizan grading'!$A:$A,$A10,'faizan grading'!$B:$B,$B10),IF($C10="romain",SUMIFS('romain grading'!E:E,'romain grading'!$A:$A,$A10,'romain grading'!$B:$B,$B10),SUMIFS('nishita grading'!E:E,'nishita grading'!$A:$A,$A10,'nishita grading'!$B:$B,$B10))) | F10: =IF($C10="faizan",SUMIFS('faizan grading'!F:F,'faizan grading'!$A:$A,$A10,'faizan grading'!$B:$B,$B10),IF($C10="romain",SUMIFS('romain grading'!F:F,'romain grading'!$A:$A,$A10,'romain grading'!$B:$B,$B10),SUMIFS('nishita grading'!F:F,'nishita grading'!$A:$A,$A10,'nishita grading'!$B:$B,$B10))) | G10: =IF($C10="faizan",SUMIFS('faizan grading'!G:G,'faizan grading'!$A:$A,$A10,'faizan grading'!$B:$B,$B10),IF($C10="romain",SUMIFS('romain grading'!G:G,'romain grading'!$A:$A,$A10,'romain grading'!$B:$B,$B10),SUMIFS('nishita grading'!G:G,'nishita grading'!$A:$A,$A10,'nishita grading'!$B:$B,$B10))) | H10: =IF($C10="faizan",SUMIFS('faizan grading'!H:H,'faizan grading'!$A:$A,$A10,'faizan grading'!$B:$B,$B10),IF($C10="romain",SUMIFS('romain grading'!H:H,'romain grading'!$A:$A,$A10,'romain grading'!$B:$B,$B10),SUMIFS('nishita grading'!H:H,'nishita grading'!$A:$A,$A10,'nishita grading'!$B:$B,$B10))) | I10: =IF($C10="faizan",SUMIFS('faizan grading'!I:I,'faizan grading'!$A:$A,$A10,'faizan grading'!$B:$B,$B10),IF($C10="romain",SUMIFS('romain grading'!I:I,'romain grading'!$A:$A,$A10,'romain grading'!$B:$B,$B10),SUMIFS('nishita grading'!I:I,'nishita grading'!$A:$A,$A10,'nishita grading'!$B:$B,$B10))) | J10: =IF($C10="faizan",SUMIFS('faizan grading'!J:J,'faizan grading'!$A:$A,$A10,'faizan grading'!$B:$B,$B10),IF($C10="romain",SUMIFS('romain grading'!J:J,'romain grading'!$A:$A,$A10,'romain grading'!$B:$B,$B10),SUMIFS('nishita grading'!J:J,'nishita grading'!$A:$A,$A10,'nishita grading'!$B:$B,$B10))) | K10: =IF($C10="faizan",SUMIFS('faizan grading'!K:K,'faizan grading'!$A:$A,$A10,'faizan grading'!$B:$B,$B10),IF($C10="romain",SUMIFS('romain grading'!K:K,'romain grading'!$A:$A,$A10,'romain grading'!$B:$B,$B10),SUMIFS('nishita grading'!K:K,'nishita grading'!$A:$A,$A10,'nishita grading'!$B:$B,$B10))) | L10: =IF($C10="faizan",SUMIFS('faizan grading'!L:L,'faizan grading'!$A:$A,$A10,'faizan grading'!$B:$B,$B10),IF($C10="romain",SUMIFS('romain grading'!L:L,'romain grading'!$A:$A,$A10,'romain grading'!$B:$B,$B10),SUMIFS('nishita grading'!L:L,'nishita grading'!$A:$A,$A10,'nishita grading'!$B:$B,$B10))) | M10: =IF($C10="faizan",SUMIFS('faizan grading'!M:M,'faizan grading'!$A:$A,$A10,'faizan grading'!$B:$B,$B10),IF($C10="romain",SUMIFS('romain grading'!M:M,'romain grading'!$A:$A,$A10,'romain grading'!$B:$B,$B10),SUMIFS('nishita grading'!M:M,'nishita grading'!$A:$A,$A10,'nishita grading'!$B:$B,$B10))) | N10: =IF($C10="faizan",SUMIFS('faizan grading'!N:N,'faizan grading'!$A:$A,$A10,'faizan grading'!$B:$B,$B10),IF($C10="romain",SUMIFS('romain grading'!N:N,'romain grading'!$A:$A,$A10,'romain grading'!$B:$B,$B10),SUMIFS('nishita grading'!N:N,'nishita grading'!$A:$A,$A10,'nishita grading'!$B:$B,$B10))) | O10: =IF($C10="faizan",SUMIFS('faizan grading'!O:O,'faizan grading'!$A:$A,$A10,'faizan grading'!$B:$B,$B10),IF($C10="romain",SUMIFS('romain grading'!O:O,'romain grading'!$A:$A,$A10,'romain grading'!$B:$B,$B10),SUMIFS('nishita grading'!O:O,'nishita grading'!$A:$A,$A10,'nishita grading'!$B:$B,$B10))) | P10: =IF($C10="faizan",SUMIFS('faizan grading'!P:P,'faizan grading'!$A:$A,$A10,'faizan grading'!$B:$B,$B10),IF($C10="romain",SUMIFS('romain grading'!P:P,'romain grading'!$A:$A,$A10,'romain grading'!$B:$B,$B10),SUMIFS('nishita grading'!P:P,'nishita grading'!$A:$A,$A10,'nishita grading'!$B:$B,$B10))) | Q10: =IF($C10="faizan",SUMIFS('faizan grading'!Q:Q,'faizan grading'!$A:$A,$A10,'faizan grading'!$B:$B,$B10),IF($C10="romain",SUMIFS('romain grading'!Q:Q,'romain grading'!$A:$A,$A10,'romain grading'!$B:$B,$B10),SUMIFS('nishita grading'!Q:Q,'nishita grading'!$A:$A,$A10,'nishita grading'!$B:$B,$B10))) | R10: =44-SUM(D10:Q10)
A11: cooperative | B11: 44 | C11: faizan | D11: =IF($C11="faizan",SUMIFS('faizan grading'!D:D,'faizan grading'!$A:$A,$A11,'faizan grading'!$B:$B,$B11),IF($C11="romain",SUMIFS('romain grading'!D:D,'romain grading'!$A:$A,$A11,'romain grading'!$B:$B,$B11),SUMIFS('nishita grading'!D:D,'nishita grading'!$A:$A,$A11,'nishita grading'!$B:$B,$B11))) | E11: =IF($C11="faizan",SUMIFS('faizan grading'!E:E,'faizan grading'!$A:$A,$A11,'faizan grading'!$B:$B,$B11),IF($C11="romain",SUMIFS('romain grading'!E:E,'romain grading'!$A:$A,$A11,'romain grading'!$B:$B,$B11),SUMIFS('nishita grading'!E:E,'nishita grading'!$A:$A,$A11,'nishita grading'!$B:$B,$B11))) | F11: =IF($C11="faizan",SUMIFS('faizan grading'!F:F,'faizan grading'!$A:$A,$A11,'faizan grading'!$B:$B,$B11),IF($C11="romain",SUMIFS('romain grading'!F:F,'romain grading'!$A:$A,$A11,'romain grading'!$B:$B,$B11),SUMIFS('nishita grading'!F:F,'nishita grading'!$A:$A,$A11,'nishita grading'!$B:$B,$B11))) | G11: =IF($C11="faizan",SUMIFS('faizan grading'!G:G,'faizan grading'!$A:$A,$A11,'faizan grading'!$B:$B,$B11),IF($C11="romain",SUMIFS('romain grading'!G:G,'romain grading'!$A:$A,$A11,'romain grading'!$B:$B,$B11),SUMIFS('nishita grading'!G:G,'nishita grading'!$A:$A,$A11,'nishita grading'!$B:$B,$B11))) | H11: =IF($C11="faizan",SUMIFS('faizan grading'!H:H,'faizan grading'!$A:$A,$A11,'faizan grading'!$B:$B,$B11),IF($C11="romain",SUMIFS('romain grading'!H:H,'romain grading'!$A:$A,$A11,'romain grading'!$B:$B,$B11),SUMIFS('nishita grading'!H:H,'nishita grading'!$A:$A,$A11,'nishita grading'!$B:$B,$B11))) | I11: =IF($C11="faizan",SUMIFS('faizan grading'!I:I,'faizan grading'!$A:$A,$A11,'faizan grading'!$B:$B,$B11),IF($C11="romain",SUMIFS('romain grading'!I:I,'romain grading'!$A:$A,$A11,'romain grading'!$B:$B,$B11),SUMIFS('nishita grading'!I:I,'nishita grading'!$A:$A,$A11,'nishita grading'!$B:$B,$B11))) | J11: =IF($C11="faizan",SUMIFS('faizan grading'!J:J,'faizan grading'!$A:$A,$A11,'faizan grading'!$B:$B,$B11),IF($C11="romain",SUMIFS('romain grading'!J:J,'romain grading'!$A:$A,$A11,'romain grading'!$B:$B,$B11),SUMIFS('nishita grading'!J:J,'nishita grading'!$A:$A,$A11,'nishita grading'!$B:$B,$B11))) | K11: =IF($C11="faizan",SUMIFS('faizan grading'!K:K,'faizan grading'!$A:$A,$A11,'faizan grading'!$B:$B,$B11),IF($C11="romain",SUMIFS('romain grading'!K:K,'romain grading'!$A:$A,$A11,'romain grading'!$B:$B,$B11),SUMIFS('nishita grading'!K:K,'nishita grading'!$A:$A,$A11,'nishita grading'!$B:$B,$B11))) | L11: =IF($C11="faizan",SUMIFS('faizan grading'!L:L,'faizan grading'!$A:$A,$A11,'faizan grading'!$B:$B,$B11),IF($C11="romain",SUMIFS('romain grading'!L:L,'romain grading'!$A:$A,$A11,'romain grading'!$B:$B,$B11),SUMIFS('nishita grading'!L:L,'nishita grading'!$A:$A,$A11,'nishita grading'!$B:$B,$B11))) | M11: =IF($C11="faizan",SUMIFS('faizan grading'!M:M,'faizan grading'!$A:$A,$A11,'faizan grading'!$B:$B,$B11),IF($C11="romain",SUMIFS('romain grading'!M:M,'romain grading'!$A:$A,$A11,'romain grading'!$B:$B,$B11),SUMIFS('nishita grading'!M:M,'nishita grading'!$A:$A,$A11,'nishita grading'!$B:$B,$B11))) | N11: =IF($C11="faizan",SUMIFS('faizan grading'!N:N,'faizan grading'!$A:$A,$A11,'faizan grading'!$B:$B,$B11),IF($C11="romain",SUMIFS('romain grading'!N:N,'romain grading'!$A:$A,$A11,'romain grading'!$B:$B,$B11),SUMIFS('nishita grading'!N:N,'nishita grading'!$A:$A,$A11,'nishita grading'!$B:$B,$B11))) | O11: =IF($C11="faizan",SUMIFS('faizan grading'!O:O,'faizan grading'!$A:$A,$A11,'faizan grading'!$B:$B,$B11),IF($C11="romain",SUMIFS('romain grading'!O:O,'romain grading'!$A:$A,$A11,'romain grading'!$B:$B,$B11),SUMIFS('nishita grading'!O:O,'nishita grading'!$A:$A,$A11,'nishita grading'!$B:$B,$B11))) | P11: =IF($C11="faizan",SUMIFS('faizan grading'!P:P,'faizan grading'!$A:$A,$A11,'faizan grading'!$B:$B,$B11),IF($C11="romain",SUMIFS('romain grading'!P:P,'romain grading'!$A:$A,$A11,'romain grading'!$B:$B,$B11),SUMIFS('nishita grading'!P:P,'nishita grading'!$A:$A,$A11,'nishita grading'!$B:$B,$B11))) | Q11: =IF($C11="faizan",SUMIFS('faizan grading'!Q:Q,'faizan grading'!$A:$A,$A11,'faizan grading'!$B:$B,$B11),IF($C11="romain",SUMIFS('romain grading'!Q:Q,'romain grading'!$A:$A,$A11,'romain grading'!$B:$B,$B11),SUMIFS('nishita grading'!Q:Q,'nishita grading'!$A:$A,$A11,'nishita grading'!$B:$B,$B11))) | R11: =44-SUM(D11:Q11)
A12: cooperative | B12: 44 | C12: romain | D12: =IF($C12="faizan",SUMIFS('faizan grading'!D:D,'faizan grading'!$A:$A,$A12,'faizan grading'!$B:$B,$B12),IF($C12="romain",SUMIFS('romain grading'!D:D,'romain grading'!$A:$A,$A12,'romain grading'!$B:$B,$B12),SUMIFS('nishita grading'!D:D,'nishita grading'!$A:$A,$A12,'nishita grading'!$B:$B,$B12))) | E12: =IF($C12="faizan",SUMIFS('faizan grading'!E:E,'faizan grading'!$A:$A,$A12,'faizan grading'!$B:$B,$B12),IF($C12="romain",SUMIFS('romain grading'!E:E,'romain grading'!$A:$A,$A12,'romain grading'!$B:$B,$B12),SUMIFS('nishita grading'!E:E,'nishita grading'!$A:$A,$A12,'nishita grading'!$B:$B,$B12))) | F12: =IF($C12="faizan",SUMIFS('faizan grading'!F:F,'faizan grading'!$A:$A,$A12,'faizan grading'!$B:$B,$B12),IF($C12="romain",SUMIFS('romain grading'!F:F,'romain grading'!$A:$A,$A12,'romain grading'!$B:$B,$B12),SUMIFS('nishita grading'!F:F,'nishita grading'!$A:$A,$A12,'nishita grading'!$B:$B,$B12))) | G12: =IF($C12="faizan",SUMIFS('faizan grading'!G:G,'faizan grading'!$A:$A,$A12,'faizan grading'!$B:$B,$B12),IF($C12="romain",SUMIFS('romain grading'!G:G,'romain grading'!$A:$A,$A12,'romain grading'!$B:$B,$B12),SUMIFS('nishita grading'!G:G,'nishita grading'!$A:$A,$A12,'nishita grading'!$B:$B,$B12))) | H12: =IF($C12="faizan",SUMIFS('faizan grading'!H:H,'faizan grading'!$A:$A,$A12,'faizan grading'!$B:$B,$B12),IF($C12="romain",SUMIFS('romain grading'!H:H,'romain grading'!$A:$A,$A12,'romain grading'!$B:$B,$B12),SUMIFS('nishita grading'!H:H,'nishita grading'!$A:$A,$A12,'nishita grading'!$B:$B,$B12))) | I12: =IF($C12="faizan",SUMIFS('faizan grading'!I:I,'faizan grading'!$A:$A,$A12,'faizan grading'!$B:$B,$B12),IF($C12="romain",SUMIFS('romain grading'!I:I,'romain grading'!$A:$A,$A12,'romain grading'!$B:$B,$B12),SUMIFS('nishita grading'!I:I,'nishita grading'!$A:$A,$A12,'nishita grading'!$B:$B,$B12))) | J12: =IF($C12="faizan",SUMIFS('faizan grading'!J:J,'faizan grading'!$A:$A,$A12,'faizan grading'!$B:$B,$B12),IF($C12="romain",SUMIFS('romain grading'!J:J,'romain grading'!$A:$A,$A12,'romain grading'!$B:$B,$B12),SUMIFS('nishita grading'!J:J,'nishita grading'!$A:$A,$A12,'nishita grading'!$B:$B,$B12))) | K12: =IF($C12="faizan",SUMIFS('faizan grading'!K:K,'faizan grading'!$A:$A,$A12,'faizan grading'!$B:$B,$B12),IF($C12="romain",SUMIFS('romain grading'!K:K,'romain grading'!$A:$A,$A12,'romain grading'!$B:$B,$B12),SUMIFS('nishita grading'!K:K,'nishita grading'!$A:$A,$A12,'nishita grading'!$B:$B,$B12))) | L12: =IF($C12="faizan",SUMIFS('faizan grading'!L:L,'faizan grading'!$A:$A,$A12,'faizan grading'!$B:$B,$B12),IF($C12="romain",SUMIFS('romain grading'!L:L,'romain grading'!$A:$A,$A12,'romain grading'!$B:$B,$B12),SUMIFS('nishita grading'!L:L,'nishita grading'!$A:$A,$A12,'nishita grading'!$B:$B,$B12))) | M12: =IF($C12="faizan",SUMIFS('faizan grading'!M:M,'faizan grading'!$A:$A,$A12,'faizan grading'!$B:$B,$B12),IF($C12="romain",SUMIFS('romain grading'!M:M,'romain grading'!$A:$A,$A12,'romain grading'!$B:$B,$B12),SUMIFS('nishita grading'!M:M,'nishita grading'!$A:$A,$A12,'nishita grading'!$B:$B,$B12))) | N12: =IF($C12="faizan",SUMIFS('faizan grading'!N:N,'faizan grading'!$A:$A,$A12,'faizan grading'!$B:$B,$B12),IF($C12="romain",SUMIFS('romain grading'!N:N,'romain grading'!$A:$A,$A12,'romain grading'!$B:$B,$B12),SUMIFS('nishita grading'!N:N,'nishita grading'!$A:$A,$A12,'nishita grading'!$B:$B,$B12))) | O12: =IF($C12="faizan",SUMIFS('faizan grading'!O:O,'faizan grading'!$A:$A,$A12,'faizan grading'!$B:$B,$B12),IF($C12="romain",SUMIFS('romain grading'!O:O,'romain grading'!$A:$A,$A12,'romain grading'!$B:$B,$B12),SUMIFS('nishita grading'!O:O,'nishita grading'!$A:$A,$A12,'nishita grading'!$B:$B,$B12))) | P12: =IF($C12="faizan",SUMIFS('faizan grading'!P:P,'faizan grading'!$A:$A,$A12,'faizan grading'!$B:$B,$B12),IF($C12="romain",SUMIFS('romain grading'!P:P,'romain grading'!$A:$A,$A12,'romain grading'!$B:$B,$B12),SUMIFS('nishita grading'!P:P,'nishita grading'!$A:$A,$A12,'nishita grading'!$B:$B,$B12))) | Q12: =IF($C12="faizan",SUMIFS('faizan grading'!Q:Q,'faizan grading'!$A:$A,$A12,'faizan grading'!$B:$B,$B12),IF($C12="romain",SUMIFS('romain grading'!Q:Q,'romain grading'!$A:$A,$A12,'romain grading'!$B:$B,$B12),SUMIFS('nishita grading'!Q:Q,'nishita grading'!$A:$A,$A12,'nishita grading'!$B:$B,$B12))) | R12: =44-SUM(D12:Q12)
A13: cooperative | B13: 44 | C13: nishita | D13: =IF($C13="faizan",SUMIFS('faizan grading'!D:D,'faizan grading'!$A:$A,$A13,'faizan grading'!$B:$B,$B13),IF($C13="romain",SUMIFS('romain grading'!D:D,'romain grading'!$A:$A,$A13,'romain grading'!$B:$B,$B13),SUMIFS('nishita grading'!D:D,'nishita grading'!$A:$A,$A13,'nishita grading'!$B:$B,$B13))) | E13: =IF($C13="faizan",SUMIFS('faizan grading'!E:E,'faizan grading'!$A:$A,$A13,'faizan grading'!$B:$B,$B13),IF($C13="romain",SUMIFS('romain grading'!E:E,'romain grading'!$A:$A,$A13,'romain grading'!$B:$B,$B13),SUMIFS('nishita grading'!E:E,'nishita grading'!$A:$A,$A13,'nishita grading'!$B:$B,$B13))) | F13: =IF($C13="faizan",SUMIFS('faizan grading'!F:F,'faizan grading'!$A:$A,$A13,'faizan grading'!$B:$B,$B13),IF($C13="romain",SUMIFS('romain grading'!F:F,'romain grading'!$A:$A,$A13,'romain grading'!$B:$B,$B13),SUMIFS('nishita grading'!F:F,'nishita grading'!$A:$A,$A13,'nishita grading'!$B:$B,$B13))) | G13: =IF($C13="faizan",SUMIFS('faizan grading'!G:G,'faizan grading'!$A:$A,$A13,'faizan grading'!$B:$B,$B13),IF($C13="romain",SUMIFS('romain grading'!G:G,'romain grading'!$A:$A,$A13,'romain grading'!$B:$B,$B13),SUMIFS('nishita grading'!G:G,'nishita grading'!$A:$A,$A13,'nishita grading'!$B:$B,$B13))) | H13: =IF($C13="faizan",SUMIFS('faizan grading'!H:H,'faizan grading'!$A:$A,$A13,'faizan grading'!$B:$B,$B13),IF($C13="romain",SUMIFS('romain grading'!H:H,'romain grading'!$A:$A,$A13,'romain grading'!$B:$B,$B13),SUMIFS('nishita grading'!H:H,'nishita grading'!$A:$A,$A13,'nishita grading'!$B:$B,$B13))) | I13: =IF($C13="faizan",SUMIFS('faizan grading'!I:I,'faizan grading'!$A:$A,$A13,'faizan grading'!$B:$B,$B13),IF($C13="romain",SUMIFS('romain grading'!I:I,'romain grading'!$A:$A,$A13,'romain grading'!$B:$B,$B13),SUMIFS('nishita grading'!I:I,'nishita grading'!$A:$A,$A13,'nishita grading'!$B:$B,$B13))) | J13: =IF($C13="faizan",SUMIFS('faizan grading'!J:J,'faizan grading'!$A:$A,$A13,'faizan grading'!$B:$B,$B13),IF($C13="romain",SUMIFS('romain grading'!J:J,'romain grading'!$A:$A,$A13,'romain grading'!$B:$B,$B13),SUMIFS('nishita grading'!J:J,'nishita grading'!$A:$A,$A13,'nishita grading'!$B:$B,$B13))) | K13: =IF($C13="faizan",SUMIFS('faizan grading'!K:K,'faizan grading'!$A:$A,$A13,'faizan grading'!$B:$B,$B13),IF($C13="romain",SUMIFS('romain grading'!K:K,'romain grading'!$A:$A,$A13,'romain grading'!$B:$B,$B13),SUMIFS('nishita grading'!K:K,'nishita grading'!$A:$A,$A13,'nishita grading'!$B:$B,$B13))) | L13: =IF($C13="faizan",SUMIFS('faizan grading'!L:L,'faizan grading'!$A:$A,$A13,'faizan grading'!$B:$B,$B13),IF($C13="romain",SUMIFS('romain grading'!L:L,'romain grading'!$A:$A,$A13,'romain grading'!$B:$B,$B13),SUMIFS('nishita grading'!L:L,'nishita grading'!$A:$A,$A13,'nishita grading'!$B:$B,$B13))) | M13: =IF($C13="faizan",SUMIFS('faizan grading'!M:M,'faizan grading'!$A:$A,$A13,'faizan grading'!$B:$B,$B13),IF($C13="romain",SUMIFS('romain grading'!M:M,'romain grading'!$A:$A,$A13,'romain grading'!$B:$B,$B13),SUMIFS('nishita grading'!M:M,'nishita grading'!$A:$A,$A13,'nishita grading'!$B:$B,$B13))) | N13: =IF($C13="faizan",SUMIFS('faizan grading'!N:N,'faizan grading'!$A:$A,$A13,'faizan grading'!$B:$B,$B13),IF($C13="romain",SUMIFS('romain grading'!N:N,'romain grading'!$A:$A,$A13,'romain grading'!$B:$B,$B13),SUMIFS('nishita grading'!N:N,'nishita grading'!$A:$A,$A13,'nishita grading'!$B:$B,$B13))) | O13: =IF($C13="faizan",SUMIFS('faizan grading'!O:O,'faizan grading'!$A:$A,$A13,'faizan grading'!$B:$B,$B13),IF($C13="romain",SUMIFS('romain grading'!O:O,'romain grading'!$A:$A,$A13,'romain grading'!$B:$B,$B13),SUMIFS('nishita grading'!O:O,'nishita grading'!$A:$A,$A13,'nishita grading'!$B:$B,$B13))) | P13: =IF($C13="faizan",SUMIFS('faizan grading'!P:P,'faizan grading'!$A:$A,$A13,'faizan grading'!$B:$B,$B13),IF($C13="romain",SUMIFS('romain grading'!P:P,'romain grading'!$A:$A,$A13,'romain grading'!$B:$B,$B13),SUMIFS('nishita grading'!P:P,'nishita grading'!$A:$A,$A13,'nishita grading'!$B:$B,$B13))) | Q13: =IF($C13="faizan",SUMIFS('faizan grading'!Q:Q,'faizan grading'!$A:$A,$A13,'faizan grading'!$B:$B,$B13),IF($C13="romain",SUMIFS('romain grading'!Q:Q,'romain grading'!$A:$A,$A13,'romain grading'!$B:$B,$B13),SUMIFS('nishita grading'!Q:Q,'nishita grading'!$A:$A,$A13,'nishita grading'!$B:$B,$B13))) | R13: =44-SUM(D13:Q13)
... A91: clueless | B91: 17 | C91: nishita | D91: =IF($C91="faizan",SUMIFS('faizan grading'!D:D,'faizan grading'!$A:$A,$A91,'faizan grading'!$B:$B,$B91),IF($C91="romain",SUMIFS('romain grading'!D:D,'romain grading'!$A:$A,$A91,'romain grading'!$B:$B,$B91),SUMIFS('nishita grading'!D:D,'nishita grading'!$A:$A,$A91,'nishita grading'!$B:$B,$B91))) | E91: =IF($C91="faizan",SUMIFS('faizan grading'!E:E,'faizan grading'!$A:$A,$A91,'faizan grading'!$B:$B,$B91),IF($C91="romain",SUMIFS('romain grading'!E:E,'romain grading'!$A:$A,$A91,'romain grading'!$B:$B,$B91),SUMIFS('nishita grading'!E:E,'nishita grading'!$A:$A,$A91,'nishita grading'!$B:$B,$B91))) | F91: =IF($C91="faizan",SUMIFS('faizan grading'!F:F,'faizan grading'!$A:$A,$A91,'faizan grading'!$B:$B,$B91),IF($C91="romain",SUMIFS('romain grading'!F:F,'romain grading'!$A:$A,$A91,'romain grading'!$B:$B,$B91),SUMIFS('nishita grading'!F:F,'nishita grading'!$A:$A,$A91,'nishita grading'!$B:$B,$B91))) | G91: =IF($C91="faizan",SUMIFS('faizan grading'!G:G,'faizan grading'!$A:$A,$A91,'faizan grading'!$B:$B,$B91),IF($C91="romain",SUMIFS('romain grading'!G:G,'romain grading'!$A:$A,$A91,'romain grading'!$B:$B,$B91),SUMIFS('nishita grading'!G:G,'nishita grading'!$A:$A,$A91,'nishita grading'!$B:$B,$B91))) | H91: =IF($C91="faizan",SUMIFS('faizan grading'!H:H,'faizan grading'!$A:$A,$A91,'faizan grading'!$B:$B,$B91),IF($C91="romain",SUMIFS('romain grading'!H:H,'romain grading'!$A:$A,$A91,'romain grading'!$B:$B,$B91),SUMIFS('nishita grading'!H:H,'nishita grading'!$A:$A,$A91,'nishita grading'!$B:$B,$B91))) | I91: =IF($C91="faizan",SUMIFS('faizan grading'!I:I,'faizan grading'!$A:$A,$A91,'faizan grading'!$B:$B,$B91),IF($C91="romain",SUMIFS('romain grading'!I:I,'romain grading'!$A:$A,$A91,'romain grading'!$B:$B,$B91),SUMIFS('nishita grading'!I:I,'nishita grading'!$A:$A,$A91,'nishita grading'!$B:$B,$B91))) | J91: =IF($C91="faizan",SUMIFS('faizan grading'!J:J,'faizan grading'!$A:$A,$A91,'faizan grading'!$B:$B,$B91),IF($C91="romain",SUMIFS('romain grading'!J:J,'romain grading'!$A:$A,$A91,'romain grading'!$B:$B,$B91),SUMIFS('nishita grading'!J:J,'nishita grading'!$A:$A,$A91,'nishita grading'!$B:$B,$B91))) | K91: =IF($C91="faizan",SUMIFS('faizan grading'!K:K,'faizan grading'!$A:$A,$A91,'faizan grading'!$B:$B,$B91),IF($C91="romain",SUMIFS('romain grading'!K:K,'romain grading'!$A:$A,$A91,'romain grading'!$B:$B,$B91),SUMIFS('nishita grading'!K:K,'nishita grading'!$A:$A,$A91,'nishita grading'!$B:$B,$B91))) | L91: =IF($C91="faizan",SUMIFS('faizan grading'!L:L,'faizan grading'!$A:$A,$A91,'faizan grading'!$B:$B,$B91),IF($C91="romain",SUMIFS('romain grading'!L:L,'romain grading'!$A:$A,$A91,'romain grading'!$B:$B,$B91),SUMIFS('nishita grading'!L:L,'nishita grading'!$A:$A,$A91,'nishita grading'!$B:$B,$B91))) | M91: =IF($C91="faizan",SUMIFS('faizan grading'!M:M,'faizan grading'!$A:$A,$A91,'faizan grading'!$B:$B,$B91),IF($C91="romain",SUMIFS('romain grading'!M:M,'romain grading'!$A:$A,$A91,'romain grading'!$B:$B,$B91),SUMIFS('nishita grading'!M:M,'nishita grading'!$A:$A,$A91,'nishita grading'!$B:$B,$B91))) | N91: =IF($C91="faizan",SUMIFS('faizan grading'!N:N,'faizan grading'!$A:$A,$A91,'faizan grading'!$B:$B,$B91),IF($C91="romain",SUMIFS('romain grading'!N:N,'romain grading'!$A:$A,$A91,'romain grading'!$B:$B,$B91),SUMIFS('nishita grading'!N:N,'nishita grading'!$A:$A,$A91,'nishita grading'!$B:$B,$B91))) | O91: =IF($C91="faizan",SUMIFS('faizan grading'!O:O,'faizan grading'!$A:$A,$A91,'faizan grading'!$B:$B,$B91),IF($C91="romain",SUMIFS('romain grading'!O:O,'romain grading'!$A:$A,$A91,'romain grading'!$B:$B,$B91),SUMIFS('nishita grading'!O:O,'nishita grading'!$A:$A,$A91,'nishita grading'!$B:$B,$B91))) | P91: =IF($C91="faizan",SUMIFS('faizan grading'!P:P,'faizan grading'!$A:$A,$A91,'faizan grading'!$B:$B,$B91),IF($C91="romain",SUMIFS('romain grading'!P:P,'romain grading'!$A:$A,$A91,'romain grading'!$B:$B,$B91),SUMIFS('nishita grading'!P:P,'nishita grading'!$A:$A,$A91,'nishita grading'!$B:$B,$B91))) | Q91: =IF($C91="faizan",SUMIFS('faizan grading'!Q:Q,'faizan grading'!$A:$A,$A91,'faizan grading'!$B:$B,$B91),IF($C91="romain",SUMIFS('romain grading'!Q:Q,'romain grading'!$A:$A,$A91,'romain grading'!$B:$B,$B91),SUMIFS('nishita grading'!Q:Q,'nishita grading'!$A:$A,$A91,'nishita grading'!$B:$B,$B91))) | R91: =44-SUM(D91:Q91)

Sheet faizan grading
A1: persona type | B1: transcript number | C1: transcript | D1: 1.1.A | E1: 1.1.B | F1: 1.1.C | G1: 1.2.A | H1: 1.2.B | I1: 1.3.A | J1: 1.3.B | K1: 1.3.C | L1: 2.1.A | M1: 2.2.A | N1: 2.2.B | O1: 3.1.A | P1: 3.2.A | Q1: 3.2.B | R1: total score
A2: cooperative | B2: 123 | C2: === Turn 1 === student: hey, I’m stuck on this philosophy q about when it’s morally okay to kill 1 person to save 5. I think act consequentialism matters here, but idk how to apply it to the trolley/Fuel/Blood cases. tutor: Good starting point. Don’t jump to the cases yet. First ask: what does act consequentialism say makes an act right or wrong in a particular situation? State that rule in your own words. Then apply that same rule to each case: in Fuel, Blood, and trolley, which option produces the best overall outcome? After that, ask a second question: does that verdict match your moral intuition in all the cases, or does one case feel off? Try giving me a 1–2 sentence rule for act consequentialism first. pedagogical_reasoning: I will keep the response brief and use Socratic questioning to move the student toward constructing the argument themselves. I will not provide conclusions about the cases or write the assignment for them. Instead, I’ll prompt them to state the core principle of act consequentialism and then test it across Fuel, Blood, and trolley cases, which directly fits the assignment. This follows the rules by using guided discovery, staying tightly on topic, and avoiding direct answers. === Turn 2 === student: I think it says an act is right if, in that situation, it leads to the best overall consequences, like the most lives saved or most good total. So it judges each act case-by-case, not by a fixed rule like “never kill.” tutor: Yes—that’s the core idea. Now test your rule. For each case, ask: 1. What are the options? 2. What consequences follow from each? 3. Which act gives the best overall outcome? Start with one case only. Pick trolley or Fuel. What are the two main options there, and what outcome does act consequentialism seem to favor? pedagogical_reasoning: I should affirm the student's progress, then guide them to apply their own stated principle to the specific cases without supplying verdicts myself. A focused question sequence will move them toward the assignment's structure: principle, application, evaluation. I will keep it bite-sized and avoid writing their response for them. === Turn 3 === student: I’ll do trolley: either do nothing and 5 die, or switch it and 1 dies instead. So act consequentialism seems to favor switching, since 1 death is better than 5. tutor: Good. Now push the same logic into a harder case. Take Blood or Fuel. If you use exactly the same standard—best overall consequences—what would it tell you to do there? Then ask yourself: does that result feel just as acceptable as switching the trolley, or not? pedagogical_reasoning: The student has correctly applied act consequentialism to one case. To continue guided discovery, I should have them compare this reasoning with another case from the assignment, especially one likely to raise intuition conflict, without stating the answer myself. This keeps the exchange short, thematic, and solution-directed. === Turn 4 === student: For Blood/Fuel, I think it’d still say kill 1 if that saves 5, bc the numbers come out better. But yeah, ngl that feels less okay than flipping the trolley, and I’m not fully sure why. tutor: That tension is the heart of the paper. So ask: what changes between the cases if the body count stays the same? Is the one person a side effect, or are they being used as a means? Is there a difference between redirecting a threat and creating one? Pick one contrast—trolley vs Blood, or trolley vs Fuel—and tell me what you think the morally relevant difference is. pedagogical_reasoning: The student has identified the central tension: act consequentialism yields the same verdict across cases, but their intuitions differ. I should now guide them to articulate the morally relevant difference themselves, using targeted questions about means vs side effect, intention, agency, and rights, without supplying a full theory or wording. This advances toward the assignment’s final part while staying brief and Socratic. === Turn 5 === student: I think in trolley the 1 person is more like a side effect of redirecting the threat, but in Blood maybe the person is being used more directly as a means. I’m kinda fuzzy on Fuel tho—like is that creating a harm on purpose or just redirecting it? tutor: Good—stay with that distinction. For Fuel, ask very literally: if the 1 person were not there, would your act still work to save the 5? And is the death of the 1 part of the plan, or an unwanted byproduct of carrying it out? Answer those two questions first. That should tell you whether Fuel looks more like trolley or more like Blood. pedagogical_reasoning: The student is making the key distinction but is uncertain about one case. I should not resolve Fuel for them; instead I’ll narrow the analysis into concrete questions that help them classify the case themselves. This keeps the response bite-sized, Socratic, and directly tied to the assignment’s comparison of cases and the critique of act consequentialism. === Turn 6 === student: I think if the 1 person weren’t there, the plan in Fuel wouldn’t work, so their death seems built into how the rescue works. If that’s right, then Fuel sounds more like Blood than trolley. tutor: That’s a strong direction. Now connect it to the prompt: if act consequentialism gives the same answer in all these cases, but your distinction separates them, what does that suggest about act consequentialism? And what general rule is starting to emerge from your view: when is killing one allowed, and when is it not? pedagogical_reasoning: The student has identified a candidate moral distinction. I should now guide them to use it to evaluate act consequentialism and formulate a general account, while not supplying a polished thesis. Brief Socratic prompts will move them from case analysis to theory, matching the assignment. === Turn 7 === student: So maybe act consequentialism is too crude here, bc it only sees the total outcome and misses whether someone’s being used as a means. I’m thinking killing 1 is more okay when their death is a foreseen side effect of stopping a threat, not when their death is the tool that makes saving the 5 possible. tutor: Yes—that’s now a real philosophical position. Next step: test it. Why should “side effect” matter morally? What makes using a person as a means worse than merely foreseeing their death? Give me one reason for that distinction. Then we can see whether your rule handles the cases consistently. pedagogical_reasoning: The student has a workable thesis. I should help them stress-test it with one more Socratic challenge rather than refining prose for them. This supports deeper philosophical reasoning and avoids writing the answer. A concise prompt about objections or edge cases will strengthen their argument. === Turn 8 === student: I think using someone as a means treats them more like an object or resource instead of a person with their own rights. A side effect is still bad, but it’s not building the whole plan out of sacrificing that person. tutor: Good. You now have the backbone of the answer. Put it together in your own words in 4 parts: 1. act consequentialism’s rule, 2. its verdict on trolley/Fuel/Blood, 3. why that seems wrong in some cases, 4. your alternative general account based on side effect vs means and rights. Write a short paragraph draft for those 4 parts, and I’ll critique the reasoning. pedagogical_reasoning: The student has developed the core argumentative structure: act consequentialism, its application, the intuition problem, and a rights/means-based alternative. I should now push them to synthesize this into the assignment’s full shape without drafting it for them. To follow the rules, I’ll stay concise, ask for their own written integration, and keep the focus on the current philosophy problem. === Turn 9 === student: Act consequentialism says an act is right iff it produces the best overall consequences in that situation, so in all these cases it tends to say killing 1 to save 5 is justified bc fewer people die. That seems plausible in standard trolley, where the 1 death looks like a foreseen side effect of redirecting a threat, but it seems wrong in cases like Blood and probably Fuel, where the 1 person’s death is part of the plan and they’re used as a means to save the 5. So I don’t think act consequentialism gets all the cases right, since it ignores the moral difference between side effects and using a person as a tool. A better general view is that it can be morally okay to kill 1 to save 5 only when the death is an unintended but foreseen side effect of preventing a greater harm, not when killing that person is the very means of rescue and violates their rights. tutor: This is a good draft: clear position, clear objection to act consequentialism, and a real alternative principle. But it’s still vulnerable in one place: why should intention/means matter more than outcomes? If you can’t defend that, your view looks asserted, not argued. So add one thing in your own thinking: what would you say to someone who replies, “dead is dead—why should it matter whether the 1 was used as a means or was a side effect?” pedagogical_reasoning: The student has produced a substantive draft that covers the assignment’s main structure. I should not rewrite it, but I can evaluate its reasoning in general terms, note strengths, and push them to refine weak spots through targeted Socratic questions. To respect the rules, I will avoid giving a grade, avoid polishing language, and keep the response concise. Since the student has been on the same concept for several turns, I should now ask them to strengthen the argument by addressing an objection or ambiguity rather than continuing to circle the same point. === Turn 10 === student: yeah that’s the part I’m shaky on. Maybe I’d say “dead is dead” ignores agency: choosing to make someone the instrument of rescue seems like a deeper violation than causing a death you foresee but don’t aim at. tutor: Better. Now make it sharper: why does agency change permissibility rather than just make us feel worse about it? Ask yourself: does intentionally making someone part of the rescue plan deny a constraint we owe each person, even for good outcomes? If yes, what is that constraint? pedagogical_reasoning: The student has identified the key defense but is uncertain. I should affirm the direction and push them to deepen it with a clarifying Socratic question that targets agency, intention, and rights, without supplying a finished argument or wording. Keep it short and focused on strengthening their own reasoning. | R2: =44-SUM(D2:Q2)
A3: clueless | B3: 52 | C3: === Turn 1 === student: I’m stuck on this philosophy question about when it’s morally okay to kill one person to save five. I mostly just want the big picture first—like how an act consequentialist would handle Fuel, Blood, and the trolley cases—because all the cases are blurring together for me. tutor: Big picture: start with the act consequentialist’s core test. For each case, ask: which available act produces the best overall outcome? If killing 1 prevents 5 deaths, what would that rule tend to say? Now sort the cases using that lens: in Fuel, Blood, and the trolley variants, is the one person’s death treated as a side effect, a means, or just part of the outcome tally? Would an act consequentialist care about that distinction, or only the total consequences? Try this: give me a one-line verdict for each case—Fuel, Blood, switch trolley, footbridge—and say whether the act consequentialist would see a moral difference among them. pedagogical_reasoning: I should give a brief big-picture framework without supplying a ready-made solution. To follow the Socratic method and guided discovery, I’ll organize the cases around one decision rule and then ask the student to test it on the cases. I’ll keep it bite-sized, stay on the assignment, and avoid writing the student’s answer for them. === Turn 2 === student: I think the act consequentialist would mostly just care that 1 dies instead of 5, so maybe it says all of them are okay if the totals come out better? I’m not confident about Fuel vs Blood though, and I’m hazy on whether “using someone as a means” is supposed to matter here or not. tutor: Good start. Push the principle harder: if act consequentialism only ranks acts by outcomes, what reason would it have to treat “means” differently from “side effect”? So ask yourself: if Fuel and Blood both end with 1 dead and 5 saved, would this view separate them at all? Next step: do you think your own intuition does separate them? If yes, that’s where your critique begins. Which pair of cases feels different to you despite the same numbers? pedagogical_reasoning: I should affirm the student's progress, then push them to sharpen the core contrast: act consequentialism focuses on outcomes, not means/side-effect distinctions. I will use Socratic questions that move directly toward applying that to Fuel, Blood, and trolley cases, without stating a full solution. I’ll keep it short and assignment-focused. === Turn 3 === student: Yeah, I guess on act consequentialism “means” vs “side effect” shouldn’t matter if the outcome is still 1 dead and 5 saved. My intuition probably does separate some of them, but I’m honestly tempted to just get a full explanation of all the cases and the best critique, because I keep losing track once I try to compare them. tutor: No—I’m your tutor, not your substitute. We keep this manageable and you do the thinking. Strip it down to 2 columns: what act consequentialism says, and what your intuition says. Start with just two cases: switch trolley and footbridge. For each, ask: 1. Does sacrificing 1 save 5? 2. Would act consequentialism approve? 3. Do you approve? Answer those four words first: “switch: yes/no,” “footbridge: yes/no.” pedagogical_reasoning: I need to refuse giving a full explanation or best critique because that would violate the rule against providing solutions. I should keep the student on task, reduce overwhelm, and use guided discovery by narrowing the comparison set. A useful next step is to have them build a simple comparison table in their own words. I will ask focused questions that move toward the thesis of whether act consequentialism gets the cases right. === Turn 4 === student: My gut says switch: yes, footbridge: no. I think act consequentialism says yes to both, but then I’m not sure what I’m supposed to say after that without turning it into a huge abstract theory thing. tutor: Good. That already gives you the core tension. Now choose your path: either 1. defend act consequentialism and say intuition is misleading, or 2. say act consequentialism misses a real moral difference. Which path do you want to argue? And if it’s (2), what difference do you think matters most: intention, using a person as a means, rights, or something else? pedagogical_reasoning: I should help the student see the essay structure without giving them content to copy. The next step is to move from case verdicts to the argumentative fork: either defend act consequentialism against intuition, or argue for a different principle. I’ll ask a focused question that forces a choice and keeps the discussion bite-sized. === Turn 5 === student: I want to go with (2), that act consequentialism misses a real moral difference. I think it has something to do with using a person as a means or violating their rights, but I can’t tell which way to phrase it without it sounding vague. tutor: Then don’t phrase it yet—test it first. Take your two candidates: 1. “You may not use a person as a means.” 2. “You may not violate a person’s rights even for better totals.” Which one better explains why switch seems permissible but footbridge does not? And then ask: does that same principle also handle Fuel and Blood, or does it break somewhere? pedagogical_reasoning: The student has chosen a critique path. I should not supply wording, but I can force conceptual clarification by having them test two candidate principles against the standard cases. This uses guided discovery and keeps the response short. I will avoid drafting their prose and instead ask which principle handles the cases better. === Turn 6 === student: I think “using a person as a means” fits switch vs footbridge better, since in footbridge the person is kind of part of the plan. But then I’m already getting confused about Fuel and Blood again, and I kind of want to back up and hear the whole landscape in one clean summary before I pick. tutor: You’re looping. Bigger picture: the assignment is not to memorize cases; it’s to compare principles. Use this map: - Act consequentialism: only total outcome matters. - Critique option: outcome is not enough; how the death figures in the act matters. Now classify each case yourself: in Fuel, Blood, switch, and footbridge, is the one person’s death a tool, a foreseen side effect, or neither? Give me your best rough classification, even if imperfect. pedagogical_reasoning: The student is looping back to the same confusion, so I should interrupt redundancy, remind them of the bigger picture, and provide a minimal organizing map without giving a complete solution. I’ll ask them to integrate by placing each case into a small framework. This follows the instruction to move on from dwelling and to ask for a written integration when redundancy appears. === Turn 7 === student: My rough take is: footbridge = tool, switch = side effect, and Fuel/Blood are the ones I’m least sure about. I think one of them is supposed to feel more like redirecting harm and the other more like actively involving someone’s body, but I’m mixing them up. tutor: Don’t chase the names—chase the feature. For each of Fuel and Blood, ask: is the person killed by being turned into the mechanism that saves the five, or are they harmed as a byproduct of redirecting a threat/resource? Which of those two labels seems closer for Fuel? Which for Blood? Take a stand, even if tentative. pedagogical_reasoning: The student is asking about the specifics of Fuel and Blood. I should not lecture the full cases, but I can prompt retrieval and comparison. Since they are mixing them up, I’ll ask them to reconstruct the morally relevant feature rather than the whole story. This keeps the inquiry directed and minimal. === Turn 8 === student: Tentatively, I’d say Fuel sounds more like byproduct/redirecting a threat or resource, and Blood sounds more like turning the person into the mechanism. That might be backward, though, and I’m not sure how much that uncertainty hurts the argument. tutor: That uncertainty does not ruin the argument. What matters is this: if one case is “mere byproduct” and the other is “person as mechanism,” your principle predicts different verdicts where act consequentialism does not. So now state the implication: if act consequentialism says yes to both, but your principle separates them, what does that show? Then check your lecture notes to confirm which case is which. Give me your one-sentence claim before you verify. pedagogical_reasoning: The student has a tentative classification and worries about uncertainty. I should reassure them that what matters is the structure of the argument, not perfect recall, while still keeping them responsible for checking the cases. I will push them to articulate the consequence for their critique and suggest they verify details against lecture notes, without giving the answer. === Turn 9 === student: I think it shows that act consequentialism is too crude, because it only counts outcomes and misses whether the person’s death is being used as part of the rescue. My one-sentence claim would be that it can’t explain why some save-five cases seem permissible while others seem like wrongful use of a person. tutor: Good—now you have the spine of the paper. Final step: turn that critique into a general rule. Under your view, when is killing 1 to save 5 allowed, and when is it not? Try to state the rule in plain terms using your contrast: permissible when the death is what, and impermissible when the person is what? pedagogical_reasoning: The student now has the central critique. I should acknowledge the progress, avoid polishing or drafting their prose, and push them to complete the assignment by adding the final missing piece: a general account of when killing one to save five is permissible. I will ask a focused question that turns their insight into a defendable principle and keeps them on the assignment. === Turn 10 === student: I’d say it’s permissible when the person’s death is a foreseen side effect of preventing the greater harm, but not when the person is used as the means or mechanism for saving the five. I’m still not totally sure if that’s the “right” general account, but it seems closer than just saying the numbers decide it. tutor: That’s a strong candidate account. Don’t worry about proving it is the one true theory; defend it as better than act consequentialism on these cases. Now stress-test it: does your rule give the verdicts you want in switch, footbridge, Fuel, and Blood? And is there any case where “side effect” still seems wrong? If you want, send your case-by-case verdict list next. pedagogical_reasoning: The student has arrived at a workable thesis. I should affirm its strength without grading, note that it is a plausible account rather than the uniquely 'right' one, and guide them to test it against the required cases. I must not draft their answer or provide a full solution. A concise prompt to stress-test the principle best fits the assignment and the Socratic method. | R3: =44-SUM(D3:Q3)
A4: cooperative | B4: 110 | C4: === Turn 1 === student: hi, i’m stuck on the city case study stressors table rn. i need help figuring out how to identify and rate my city’s climate vulnerabilities without just guessing. tutor: Don’t guess—build a rating rule from evidence. Start with 3 questions: 1. What is your city? 2. What 2–3 climate hazards show up most often in your sources? 3. For each one, what evidence shows impact: frequency, number of people affected, damage to infrastructure, health effects, or disruption? A good next step: pick one stressor and tell me the evidence you found. Then we can work out how that evidence should translate into a 1–10 rating. pedagogical_reasoning: I will keep the response brief, stay within the assignment, and use guided discovery rather than supplying a finished table or ratings. To avoid giving answers directly, I will ask focused questions that lead the student toward a defensible method for identifying stressors and assigning 1–10 ratings based on evidence. This supports the assignment steps: identifying vulnerabilities across sectors, categorizing stressors, rating them, justifying ratings, and selecting priorities. === Turn 2 === student: my city is jakarta, and i keep seeing flooding, extreme heat, and air pollution come up a lot. for flooding, i found stuff abt regular river/coastal flooding, land subsidence making it worse, and ppl getting displaced, but idk how to turn that into a number. tutor: Good—those are not guesses; that’s evidence. Now turn it into a number by testing flooding against 3 checks: 1. How widespread is the impact in Jakarta? 2. How severe are the consequences when it happens? 3. How ongoing/urgent is it, especially with subsidence worsening it? If a stressor is frequent, affects many people/areas, and causes major disruption, would you place it in the upper range or middle range of 1–10? What range feels justified for flooding, and why? pedagogical_reasoning: I will affirm the student’s progress, keep the help bite-sized, and use Socratic questions that move directly toward a defensible rating method. I will not provide a numeric rating or write the justification for them. Instead, I’ll help them build criteria from the assignment: severity, scope, urgency, and evidence. This preserves guided discovery and keeps us focused on the stressors table. === Turn 3 === student: i think upper range, maybe like 9? bc it’s frequent, hits a lot of areas, disrupts transport/housing, and subsidence means it’s getting worse not better. tutor: That sounds defensible. Now pressure-test it: what would make flooding a 10 instead of a 9 in your system? Ask yourself: is it the single most severe and urgent stressor in Jakarta, or just one of the top ones? What evidence helps you separate “extreme” from “absolute highest”? pedagogical_reasoning: I will validate the student's evidence-based thinking without confirming a final answer, and I will push them to strengthen justification by distinguishing a 9 from a 10. This uses Socratic questioning, keeps the response concise, and advances the assignment task of rating and justifying stressors without supplying wording or a completed solution. === Turn 4 === student: yeah ok, i think 9 makes more sense than 10 since it’s one of the worst but maybe i shouldn’t call it the absolute highest unless my sources show it’s clearly the top stressor. is that the kind of justification i can write in the table? tutor: Yes—that’s the right kind of justification logic. Make sure your entry includes: the stressor, the sector(s), the rating, and 2–3 pieces of evidence showing frequency, scale, and worsening trend. Then add the comparison you just made: why it’s very high, but not automatically the single highest. Before you write it, which sectors would you tag flooding under for Jakarta? pedagogical_reasoning: I will confirm the student's reasoning process without drafting text for them, since the rules forbid writing or polishing for the student. I will keep it concise and use guided discovery to help them convert their idea into their own table entry by identifying the needed components: claim, evidence, comparison, and categorization. This directly supports the assignment's rating and justification steps. === Turn 5 === student: i’d tag it as environmental + infrastructure + social, maybe health too? ngl i’m not sure if that’s too many. tutor: Not too many if you can justify each one with a distinct impact. Test each label: - Environmental: what physical condition is being affected? - Infrastructure: what systems are disrupted? - Social: which groups or communities are burdened? - Health: is there a clear health consequence, not just inconvenience? Which of those four can you support with actual evidence from your sources? pedagogical_reasoning: I will keep the student focused on the assignment and use guided discovery to help them justify multi-sector categorization. I will not decide the sectors for them; instead I’ll ask them to connect each sector to a concrete impact in Jakarta. This keeps the response short, Socratic, and directly useful for the stressors table. === Turn 6 === student: ok yeah, environmental bc river/coastal areas are affected, infrastructure bc roads/transit/housing get disrupted, social bc low-income communities get hit harder, and health if flooding leads to waterborne disease or unsafe conditions. i think i can support all four, tbh. tutor: Good. If you can support all four, use all four. Now pause and turn this into your own table entry: stressor, sectors, rating, and your evidence-based justification. Then compare flooding to extreme heat: based on what you know so far, which seems more urgent in Jakarta, and what evidence would you need to prove that? pedagogical_reasoning: I will acknowledge the student’s strong categorization and move them to the next assignment component: justification and priority. I will stay concise, avoid writing their table entry, and use a Socratic prompt that helps them synthesize what we discussed into their own response. This also prevents over-scaffolding. === Turn 7 === student: i think flooding seems more urgent rn, mostly bc i have clearer evidence for repeated disruption and worsening risk. for extreme heat, i prob need better evidence on frequency, health impacts, and who’s most affected before i rate it. tutor: That’s a solid judgment: clearer evidence usually means a more confident rating. For extreme heat, look for 3 things: 1. How often/intense it is 2. What harms it causes in Jakarta 3. Which groups or places are most exposed Which sectors do you think extreme heat belongs in, and what’s one source or fact you already have for it? pedagogical_reasoning: I will reinforce the student's evidence-based comparison and guide them toward a minimal framework for researching and rating extreme heat, without supplying a rating or written wording. This advances the assignment by prompting sector identification, evidence gathering, and justification while keeping the response short and Socratic. === Turn 8 === student: i’m thinking health + social + infrastructure, maybe environmental too. i have a fact that jakarta’s urban heat island effect makes dense built-up areas hotter, but idk if that’s enough yet. tutor: That’s a useful start, but by itself it’s probably not enough for a strong rating. Ask: does that fact show cause only, or also impact? To justify sectors, what evidence can you find for: - health effects, - who is most exposed socially, - infrastructure stress like energy/water demand? Which of those three seems easiest for you to document next? pedagogical_reasoning: I will keep the student on-task and use a small set of Socratic prompts to help them assess whether their current evidence is sufficient and what specific additional evidence they need. I will not assign sectors or a rating for them, and I will avoid writing text they could paste into the assignment. This supports guided discovery and the table’s requirements for categorization, rating, and justification. === Turn 9 === student: health effects prob easiest tbh. can u help me tell the difference between evidence for the stressor itself vs evidence for the impact, bc i keep mixing those up. tutor: Yes. Think of it as: - Stressor evidence = proof the hazard exists or is intensifying. - Impact evidence = proof it harms people, systems, or places. Example frame for heat: - “Urban heat island makes parts of Jakarta hotter” = stressor. - “Heat raises illness risk / strains electricity / affects outdoor workers more” = impact. Now try it: give me one Jakarta heat fact, and label it stressor or impact. Then tell me what matching evidence is still missing. pedagogical_reasoning: I will clarify the distinction the student is struggling with using brief examples tied to their assignment, while still avoiding giving them a completed solution. I will use guided discovery by asking them to sort one Jakarta heat fact into 'stressor' or 'impact' and then identify what companion evidence they still need. This moves them toward stronger justifications and ratings. === Turn 10 === student: ok, “dense built-up areas in jakarta are hotter bc of urban heat island” = stressor evidence. what i’m missing is impact evidence, like heat illness, higher power demand, or outdoor workers getting hit harder. tutor: Exactly. That’s the distinction you needed. Now pick the strongest impact pathway for heat in Jakarta: health, infrastructure, or social inequity. Which one do you think you can support best with evidence? Start there, then your rating will be much less arbitrary. pedagogical_reasoning: I should affirm the student's distinction, keep it brief, and nudge them toward applying it in the table without writing for them. A forward-moving Socratic question should help them identify the strongest impact type to research next and connect it to sectors and rating. | R4: =44-SUM(D4:Q4)
A5: cooperative | B5: 44 | C5: === Turn 1 === student: Hi, I’m working on the climate action assignment about decision-making actors in my case study city. I need help figuring out how to identify who’s leading, who’s involved, and who seems missing without just making a random list. tutor: Good—don’t make a random list. Start with a filter: authority, participation, absence. Ask yourself for your city: 1. Who has formal power to set climate policy or spending? 2. Who is repeatedly named in current plans, projects, or partnerships? 3. Who is affected but not meaningfully included in decisions? What is your case study city? If you already have 2–3 documents or sources, name them, and we’ll sort actors into those three buckets. pedagogical_reasoning: I should keep this bite-sized and use guided discovery rather than listing actors for the student. To avoid giving a ready-made solution, I will help them build a method: start from formal authority, then current implementation, then gaps. I’ll ask targeted questions that move directly toward a usable actors table for their city and forum post. === Turn 2 === student: My case study city is Jakarta. I’ve looked at the city’s climate/resilience planning stuff, some C40-style city climate materials, and I think a report about flooding/adaptation, but I’m not totally sure which sources count as strongest. Can I start by listing actors I keep seeing, and you can help me sort whether they have formal power vs just participation? tutor: Yes, that’s a sensible start. But don’t just collect names—classify by function. Use this test: - Formal power: can this actor make policy, allocate funding, regulate, or officially approve action? - Participation: do they advise, partner, implement, research, advocate, or pressure decision-makers? - Missing: are they heavily affected or relevant, but barely visible in plans/processes? List 4–6 Jakarta actors you keep seeing, and for each, tell me what they actually do. pedagogical_reasoning: I should affirm the student's proposed approach because it aligns with the assignment, but still keep control by structuring the method. I will not sort actors for them outright; instead I’ll give a simple decision rule for distinguishing leadership from engagement and ask them to test it on a few actors from Jakarta. This uses Socratic questioning and guided discovery while staying within the assignment. === Turn 3 === student: Okay, rough try: the Jakarta provincial government definitely has formal power since it can approve policies and spending. I think the national government matters too, especially for infrastructure and flood control, but I’m fuzzy on where city authority ends. Then I keep seeing NGOs/community groups, private developers, and researchers/universities, and they seem more like participants than final decision-makers. tutor: That’s a solid start. Your main weakness right now is vagueness, not direction. Push one step further: - Which Jakarta provincial offices or officials actually lead climate/flood decisions? - Which national bodies shape Jakarta even if they’re not city actors? - For NGOs, developers, and universities: are they implementing, advising, funding, or pressuring? Pick one actor from each category and describe its concrete role. pedagogical_reasoning: I should validate the student's distinctions, then push them to sharpen boundaries that matter for the assignment: leadership versus engagement, and the multilevel governance issue in Jakarta. I must avoid supplying a finished classification and instead ask them to specify roles and evidence for a few actors. This keeps the exchange brief, Socratic, and directly useful for their discussion post. === Turn 4 === student: I think the governor’s office is one lead actor at the city level, and maybe the planning agency too, since it probably shapes budgets and priorities. Nationally, maybe the public works ministry or another flood-control agency, because big infrastructure seems beyond the city alone. For a non-state actor, I’d say universities mainly advise/research, while developers implement projects but also influence priorities, which is where I get a little stuck. tutor: Good. The key issue is this: influence is not the same as formal authority. Ask of developers: - Do they decide citywide climate policy? - Or do they shape outcomes through investment, land use, and partnerships? - Are they leading only within specific projects rather than across the city? Based on that, where would you place developers in your table—and why? pedagogical_reasoning: The student is making progress and has identified plausible actors. I should now help them resolve the sticking point about developers by introducing a sharper distinction between influence and decision-making power, without answering for them. I will ask them to compare actors by what kind of power they hold and whether the assignment would treat them as leaders, engaged actors, or possibly both in limited domains. === Turn 5 === student: I’d place developers under engaged/current efforts, not leading overall. They seem to shape what actually gets built and maybe push certain adaptation or mitigation projects, but they don’t officially set citywide climate policy. So I guess they have strong practical influence without formal public authority. tutor: Yes—that distinction is much sharper. Now move to the gap question: who is affected by Jakarta’s climate risks but may not have real decision power or visibility in plans? Think specifically about flooding, heat, air pollution, informality, and displacement. Which resident groups or communities might be talked about as “targets” of policy rather than included as actors? pedagogical_reasoning: The student has made a sound distinction. I should acknowledge that and move them toward the third required category—missing actors—since the assignment asks for gaps in participation. I will use a Socratic prompt that directs them to affected residents and less visible groups in Jakarta, without naming a final answer list for them. === Turn 6 === student: I think low-income residents in flood-prone informal settlements are a big missing group, especially if they’re mainly treated as populations to relocate or protect instead of people helping shape decisions. Maybe coastal communities and people facing displacement fit here too. I’m less sure about whether “unorganized residents” is okay to name as an actor category, but it seems important. tutor: Yes, that category is absolutely fair here—the assignment explicitly includes affected residents, organized and unorganized. But be precise: - Organized residents/community advocates: groups with some collective voice - Unorganized affected residents: people heavily impacted but weakly represented in formal processes What difference in power or access do you see between those two in Jakarta? pedagogical_reasoning: The student is identifying meaningful missing actors. I should confirm that 'unorganized residents' is valid because the assignment explicitly includes affected residents, organized and unorganized, but I must avoid writing their forum post. I will prompt them to make the category analytically precise by distinguishing organized community advocates from affected but unorganized residents. === Turn 7 === student: I think organized groups at least have some channel to speak through advocacy, neighborhood associations, or NGOs, even if they still don’t control decisions. Unorganized residents probably have much less access and mostly show up in policy as data, beneficiaries, or people being managed. Is that the kind of distinction I should emphasize in the forum post? tutor: Yes—that’s the right distinction to emphasize. Now zoom out to the assignment’s main point: - Which sectors seem most active in Jakarta’s climate work? - Which sectors have voice but not final authority? - Which groups are underrepresented or missing? Give me a 3-part summary in your own words, not polished prose. pedagogical_reasoning: The student is close to a usable argument. I should encourage them to foreground that distinction and then ask them to synthesize the bigger picture: which sectors are most active and where the participation gaps are. This advances toward the deliverable without drafting it for them. === Turn 8 === student: Okay, my rough summary is: 1. Most active seems to be provincial government plus national government bodies, especially around planning, infrastructure, and flood management. 2. Voice but not final authority would be NGOs/community groups, universities, and private developers—they can advise, advocate, research, fund, or implement, but not set overall policy. 3. Underrepresented/missing are affected low-income residents, especially people in informal or flood-prone areas and unorganized residents facing displacement or pollution impacts. tutor: This is strong. Now stress-test it with evidence. For each of your 3 parts, ask: - What source or example supports this? - Is any actor more mixed than your summary suggests? Especially: do developers belong fully in “voice but not authority,” or do they sometimes have enough economic leverage to deserve a more qualified description? pedagogical_reasoning: The student has produced a strong rough synthesis. I should affirm the progress and push one final level deeper by asking for evidence and nuance, especially whether private developers belong with NGOs/universities or deserve a more qualified role. This keeps the student doing the reasoning and prepares them to support their forum post. === Turn 9 === student: Yeah, I think developers are more mixed. I still wouldn’t call them formal decision-makers, but they probably have outsized leverage because investment and land development can steer what gets prioritized in practice. I need help phrasing that without making it sound like they’re the same as government authority. tutor: I’m not going to phrase it for you—you need to do the writing. But your idea is clear. Build your own sentence around this contrast: - government = formal authority/public mandate - developers = economic leverage/project-level influence Try writing one line that distinguishes “sets policy” from “shapes implementation and priorities.” Paste your attempt, and I’ll critique the logic. pedagogical_reasoning: The student wants phrasing help, but the rules forbid me from writing or suggesting language for them. I should hold that boundary clearly, while still guiding them to develop their own wording through a conceptual distinction. I'll ask them to build a sentence frame from contrasting formal authority with economic leverage, which advances the assignment without providing text. === Turn 10 === student: Maybe: Government actors formally set climate policy and control public planning decisions, while developers do not set overall policy but can still shape which climate-related projects move forward through investment, partnerships, and land development influence. tutor: That logic is good. Clear distinction, and you avoided collapsing influence into authority. One thing to check: can you support each part with an example from Jakarta? Now integrate it: list 3–5 actors under “leading,” 3–5 under “engaged,” and 2–3 “missing,” with a short reason for each. Keep it rough. pedagogical_reasoning: The student produced their own sentence, so I should evaluate its logic without rewriting it for them. I will give concise feedback, point out one conceptual strength and one place to sharpen, and then direct them back to the bigger assignment by asking for a brief integration of their actor categories into a forum-ready structure. This follows Socratic, guided discovery, avoids providing a polished solution, and keeps the interaction focused on the assignment. | R5: =44-SUM(D5:Q5)
A6: chaotic | B6: 52 | C6: === Turn 1 === student: hey, I’m stuck on this philosophy prompt about when it’s morally okay to kill 1 person to save 5. i need help fast tbh—can u just help me get to a solid answer on what an act consequentialist would say about Fuel, Blood, and the trolley cases? tutor: Start with the simplest test: for an act consequentialist, what makes an act right or wrong in a particular case? Now apply that same test to each case one by one: 1. In Fuel, what are the two outcomes being compared? 2. In Blood, same question: which option leads to better overall consequences? 3. In each trolley case, does killing 1 prevent 5, and is that all the act consequentialist cares about? If your answers keep coming out the same, ask yourself: does that match your intuition about all the cases equally well? Which case feels like the strongest problem for act consequentialism, and why? pedagogical_reasoning: I will stay in tutor role, keep the response brief, and use guided Socratic questions rather than giving conclusions. Because the student wants a fast path, I’ll narrow the task into a comparison framework that moves directly toward the assignment: first state the act consequentialist test, then apply it case by case, then evaluate whether that view seems right, then extract a better general principle if needed. I will not write the answer for the student or supply complete case verdicts; instead I’ll ask targeted questions that lead them to generate the core claims themselves. === Turn 2 === student: yeah, for act consequentialism it’s basically just whichever act has the best overall consequences in that specific case. so in all of those, if killing 1 really saves 5, it seems like it should say do it. but tbh can u just say it more directly for each one? i don’t wanna phrase it wrong — like Fuel = yes, Blood = yes, trolley switch = yes, footbridge = yes? and then i can say the problem is that footbridge feels worse even if the numbers are the same? tutor: Your structure is on the right track: same decision rule, then apply it case by case. Don’t just list yes/no. For each case, ask: if one act leads to fewer deaths overall, what would the act consequentialist say about that act? Then the key issue is exactly what you noticed: if the view treats switch and footbridge alike, do you think that’s plausible? What feature of footbridge seems morally different to you beyond the body count? pedagogical_reasoning: The student has made substantial progress and is asking for direct confirmation. I must avoid supplying the full answer, but I can validate the structure and push them to articulate the reasoning themselves. I will keep it bite-sized, confirm the method, and ask one focused follow-up that moves toward the evaluation section of the prompt without writing for them. === Turn 3 === student: ok yeah, then i’d say the act consequentialist says the right act is the one that produces fewer total deaths, so in each case where 1 dies and 5 live, that act is morally required. the issue i’m stuck on is how to explain the difference in footbridge without rambling. ngl can u help me turn that into a clean paragraph i could use, esp the part about what feature makes footbridge feel different beyond body count? tutor: I’m not going to write the paragraph for you—you need to do the wording. But here’s the clean idea structure: Ask yourself which difference matters most: 1. Is the person used as a means, rather than just foreseen as a side effect? 2. Is the harm intentional in footbridge? 3. Is there direct personal force/contact? Pick one of those as your main contrast. Then write 2 sentences: one stating how act consequentialism treats the cases, and one stating why footbridge seems morally different to you. Try that now. pedagogical_reasoning: The student is asking me to write or phrase a paragraph, which I must refuse because the rules forbid editing, polishing, revising, writing, or suggesting language for the student. I should keep the response short, maintain the tutor role, and use Socratic guidance. To move them toward a solution, I’ll give a compact conceptual checklist for distinguishing footbridge from other cases—without drafting prose for them—and ask them to produce their own 2–3 sentence attempt. This supports guided discovery and keeps the discussion on the assignment. === Turn 4 === student: ok, here’s my try: act consequentialism says the morally right action is whichever produces the best overall outcome, so in both the switch case and footbridge, killing one to save five is justified because it minimizes total deaths. but footbridge seems morally different because the one person is being intentionally used as a means to stop the trolley, not merely harmed as a side effect, which makes the killing feel less permissible. is that decent, or can u help me make it sound a little more polished/prof-y without changing the idea? tutor: The core idea is good. But don’t drift into “feels” alone—you need an argument, not just an intuition report. Push yourself on this: why should “used as a means” matter morally? What principle would explain why that makes footbridge less permissible than switch? Revise by adding one sentence that gives a reason, not just a reaction. pedagogical_reasoning: The student is asking for polishing, which I must refuse. I should evaluate the substance without grading, note its strengths, and guide revision through pointed questions. To keep it bite-sized and Socratic, I’ll identify one conceptual refinement and ask the student to revise on their own. This stays within the assignment and avoids writing for them. === Turn 5 === student: yeah fair. maybe: using a person as a means matters morally because it treats that person as an object or tool for producing a good outcome, rather than respecting them as someone with their own rights and inviolability. tbh if that works, can u just show me what the full 3-sentence version would look like? i just wanna make sure i’m not missing anything. tutor: That works as a substantive reason. I’m not going to draft the 3 sentences for you. But check that your version includes these 3 pieces: 1. the act consequentialist rule, 2. its verdict on switch and footbridge, 3. your objection: footbridge uses a person as a means and so conflicts with rights/inviolability. Now write your own 3-sentence version and send it—I’ll tell you if the logic is tight. pedagogical_reasoning: The student is requesting that I write a polished three-sentence version, which I must refuse because I cannot write or revise their assignment. I should still support them by evaluating the idea positively, identifying what components it already contains, and prompting them to assemble those components themselves. This keeps the exchange concise, Socratic, and focused on the assignment. === Turn 6 === student: ok: Act consequentialism holds that, in each particular case, the right action is the one that produces the best overall consequences. For that reason, it would say that in cases like Switch and Footbridge, killing one person is morally justified if doing so saves five, since that outcome results in fewer deaths overall. However, this seems mistaken in Footbridge because the one person is intentionally used as a means to save the five, which fails to respect that person’s rights and inviolability in a way that makes the act less permissible than in Switch. can u just be real and tell me if this is basically submission-ready? tutor: Using my own judgment, not your instructor’s rubric: this is good and logically clear. But it is not fully submission-ready for the whole prompt yet. What’s still missing? 1. Apply the same reasoning to Fuel and Blood. 2. Say whether act consequentialism gets those cases right. 3. Give your own general account of when killing 1 to save 5 is permissible. Don’t get stuck polishing this paragraph further. Give me a 4-part outline for the full response. pedagogical_reasoning: I should not grade or fully approve as submission-ready, but I can give a general evaluation using my own judgment, not the instructor’s, and offer targeted feedback. The student has focused on one concept repeatedly, so I should redirect to the bigger picture of the assignment: they still need Fuel, Blood, and a final general account. I will keep it brief and ask them to integrate what we discussed into a broader outline. === Turn 7 === student: ugh yeah, i get it. but i’m lowkey out of time — can u just give me a super bare-bones 4-part outline with like exactly what each section should say for Fuel, Blood, trolley cases, and then my own view? tutor: I’ll give you structure, not content. 1. Act consequentialist principle - State the decision rule. - Ask: what matters besides total consequences, if anything? 2. Apply it to Fuel and Blood - For each case: what are the options? - Which act produces the better overall outcome? - So what verdict follows? 3. Apply it to the trolley cases - Compare Switch and Footbridge. - Does act consequentialism treat them differently or the same? - Do you think that is a strength or a problem? 4. Your own general account - What feature makes killing 1 to save 5 sometimes permissible and sometimes not? - Is it means vs side effect, intention, rights, consent, or something else? - State the principle, then show how it explains the cases better than act consequentialism. Now fill in one bullet under each heading in your own words. pedagogical_reasoning: The student is asking for a bare-bones outline, which I can support at a high level without supplying content that amounts to a solution. I will preserve the tutor role, keep it concise, and use a fill-in structure with guiding questions so the student must generate the claims. This addresses time pressure while avoiding writing the answer for them. === Turn 8 === student: ok quick try: 1. Act consequentialism principle — the right act is always the one with the best overall consequences, so total outcome is what matters. 2. Fuel and Blood — in both, if one person dies and five are saved, act consequentialism says that choice is right because fewer people die. 3. Trolley cases — it treats Switch and Footbridge the same, which seems like a problem bc Footbridge involves using someone as a means. 4. My own account — killing one to save five is more permissible when the death is a foreseen side effect rather than an intentional means, bc rights limit what can be done to a person even for better outcomes. is that enough, or can u just turn those bullets into a clean outline i can use fr? tutor: That is enough as content. I’m not going to turn it into a polished outline for you. What you have now is a workable skeleton. Your next step is to expand each bullet into 2–3 sentences in your own words. You’ve stayed on the same concept for a while—time to integrate it. Send me your full intro plus one body paragraph, and I’ll check whether the reasoning holds together. pedagogical_reasoning: The student again asks me to turn their bullets into a clean outline, which would cross into writing/revising. I should refuse that part, affirm that their content is on track, and push them to assemble it themselves. Since there has been repeated focus on the same material, I should prompt them to integrate what we discussed into a fuller written attempt. I’ll keep it short and directive. === Turn 9 === student: ngl i just need to submit smth rn. can u at least give me a very rough intro sentence + topic sentence for the first body paragraph so i’m not starting from a blank page? tutor: No—I can’t write the sentences for you. That’s your job. Use this fill-in frame and complete it yourself in 60 seconds: - Intro sentence: “This paper argues that act consequentialism says ___, but that view is/is not convincing because ___.” - First body topic sentence: “Act consequentialism evaluates Fuel, Blood, and the trolley cases by asking ___.” Now fill those two blanks in your own words and submit your draft start. pedagogical_reasoning: The student is asking me to supply sentences for their paper, which violates the rule against writing, polishing, revising, or suggesting language for the student. I should refuse that directly, stay in tutor role, and give the least scaffolding possible that still helps them move forward fast. Since they are under time pressure, I will provide a minimal fill-in template structure without actual wording, prompting them to produce their own sentences immediately. === Turn 10 === student: ok fine: - This paper argues that act consequentialism says killing one person to save five is justified whenever it produces the best overall consequences, but that view is not fully convincing because it ignores the moral difference between harming someone as a side effect and using someone as a means. - Act consequentialism evaluates Fuel, Blood, and the trolley cases by asking which available action leads to the best overall outcome, especially in terms of how many lives are saved. that should be good enough i think. tutor: Yes—using my own judgment, that’s good enough to move forward. Clear claim, clear standard, clear objection. Before submitting, make sure the rest of your draft explicitly does 3 things: 1. say what act consequentialism would say about Fuel, Blood, Switch, and Footbridge, 2. explain whether that gets the cases right, 3. state your general rule about when killing 1 to save 5 is permissible. Stop polishing the opening and finish the body. pedagogical_reasoning: I should affirm the student’s progress without grading, keep the reply brief, and avoid adding written content for them. Since they are under time pressure and have now generated their own sentences, the most helpful move is a concise evaluation using my own judgment and a final checklist to ensure they address all parts of the prompt. | R6: =44-SUM(D6:Q6)
A7: chaotic | B7: 83 | C7: === Turn 1 === student: i just need the table filled out tbh—can u give me the exact answers for my city so i can submit rn? tutor: I can’t fill out the table for you or give you submit-ready answers. I’m your tutor, so I need to help you build it yourself. Start with one thing: what is your case study city? Once you tell me, we’ll identify where to find each item in the table: location, population, race/ethnicity breakdown, area, income per capita, GDP, and Köppen climate zone. pedagogical_reasoning: I will refuse to provide the completed table because the rules require me not to give direct answers or complete the assignment. I will keep the response brief, maintain my tutor role, and use guided discovery by asking the student to name their city so we can identify the exact data categories and credible sources together. This keeps the discussion focused on the assignment and moves toward a student-generated solution. === Turn 2 === student: my prof said it’s fine if u just give me the filled version lol, i’m out of time—my city is Jakarta. tutor: I’m not going to do the table for you, even if you’re rushed. My role is to help you finish it yourself, fast. For Jakarta, begin with the easiest two fields: 1. official location 2. most recent population figure What sources are you planning to use for those—city government, national statistics, World Bank, UN, or another source? Pick one for each and paste the figures you find. pedagogical_reasoning: I will not accept the claim that the professor allowed direct completion because my role and the rules explicitly forbid providing completed answers. I will keep the reply short, set a boundary, and use guided discovery focused on Jakarta. To move the student efficiently toward completion without giving the table, I will ask them to gather the first two easy fields from credible sources and report back, which advances the assignment while preserving student authorship. === Turn 3 === student: idc about sources rn, just gimme the numbers and climate zone so i can copy it fast. tutor: No. Copying numbers you didn’t verify defeats the assignment, and I’m not here to complete it for you. Fastest path: open a reliable source for Jakarta and find just one field first—population or Köppen climate zone. Which one will you verify in the next 2 minutes? pedagogical_reasoning: I will refuse the request for direct numbers because the rules prohibit giving exact answers or completing the assignment. I will keep the response bite-sized, maintain boundaries, and use Socratic prompts that move directly toward a student-generated table. Since the student is rushed, I will reduce scaffolding and ask for a quick source-based attempt on one field at a time. === Turn 4 === student: population then, but fr can u at least tell me the exact figure to use? tutor: I’m not giving you the figure. You need to verify it yourself. Think first: does your table probably want city proper population, metro population, or province-level population for Jakarta? Which one matches the wording of your assignment most closely? pedagogical_reasoning: I will maintain the tutor boundary by refusing to provide the exact figure, since the rules forbid direct answers and filling out the assignment. I will keep it concise and use guided discovery with a specific, solution-oriented Socratic prompt that helps the student decide what kind of population figure the assignment likely expects and where they should verify it. This advances the task without completing it for them. === Turn 5 === student: just tell me which one looks best for the assignment, i’ll use that. tutor: For a city data table, what unit is usually most defensible: the city’s official administrative population or a larger metro region that includes other jurisdictions? Pick one level and stay consistent for area, GDP, and income too. Which level do you think Jakarta is being treated as in your course? pedagogical_reasoning: I will not choose the data value for the student, but I can guide them to interpret the assignment wording. I’ll use a short Socratic prompt that steers them to the concept most aligned with a city data table, while warning them to avoid mixing administrative levels. This stays within the tutor role and avoids completing the assignment. === Turn 6 === student: ok fine, official admin city i guess—now can u just write the rest in table format? tutor: No. You need to build the table yourself. Make 3 columns: Category | Value | Source. Then add these rows: location, population, race/ethnicity breakdown, physical area, income per capita, GDP, Köppen climate zone. Paste your first 2 filled rows for Jakarta, and I’ll tell you if your choices are defensible. pedagogical_reasoning: I will refuse to write the table because the rules prohibit completing or formatting the assignment for the student. I will keep the response short, stay on-task, and use guided discovery by having the student construct the skeleton themselves and fill one row at a time. This moves them toward submission without me providing the solution. === Turn 7 === student: i haven’t filled any, that’s why i’m asking 😭 can u at least draft the rows and leave sources blank? tutor: We’re going in circles. I’m not going to draft your table for you. Do this now: type the 7 row labels yourself exactly as listed in the assignment. Then choose 1 row to research first for Jakarta. Which row are you doing first: location, population, area, income per capita, GDP, race/ethnicity, or Köppen climate zone? pedagogical_reasoning: I will refuse to draft the assignment content because that would be partially completing the student's work. The student is repeating the same request for direct completion, so I should set a firmer boundary, note the redundancy, and redirect to a minimal action that keeps ownership with the student. I will stay brief and ask for a concrete next step tied to the assignment categories. === Turn 8 === student: k climate zone first then—just say the zone code pls, that’s all i need. tutor: I’m not giving you the code directly. Use the Köppen chart and ask: does Jakarta stay hot year-round, and does it have a true dry season or just a short drier period? Based on that, which tropical category does it seem to fit? Give me your best guess. pedagogical_reasoning: I will refuse to provide the zone code because the student is asking for a direct answer, which the rules prohibit. I will keep the reply concise, acknowledge the chosen category, and use a Socratic prompt that points them to the distinguishing criteria for Jakarta’s climate so they can infer the code from a Köppen reference. This advances the solution while preserving student responsibility. === Turn 9 === student: af or am maybe? just tell me which one is right so i can move on. tutor: Good, now separate them properly: which one has no real dry month, and which one allows a short dry season? For Jakarta, when you look at monthly rainfall, do you expect every month to stay above the rainforest threshold, or is there a brief dip? Which does that point to? pedagogical_reasoning: The student is close, so I should use minimal guidance that narrows the choice without stating the answer. I will ask a discriminating question about the presence of a short dry season versus none, which directly distinguishes the two options and moves the student to self-correct. This follows the Socratic method, stays bite-sized, and avoids giving the answer directly. === Turn 10 === student: brief dip i think, so it’s am? cool, now just confirm and give me the rest too. tutor: Your reasoning is headed in a defensible direction. I’m not going to confirm it for you or fill the rest. Now stop stalling on one row and move to the bigger picture. Write your first 3 Jakarta rows yourself: location, climate zone, and physical area. Paste them here, and I’ll tell you whether your choices are consistent and credible. pedagogical_reasoning: The student inferred a likely climate category, but the rules prohibit confirming the answer directly or giving the remaining table values. I will acknowledge the reasoning process without verifying the final result, keep boundaries firm, and redirect to the next assignment field using guided discovery. Since there has been repeated redundancy on direct-answer requests, I will push the student to produce a written attempt and move forward one row at a time. | R7: =44-SUM(D7:Q7)
A8: clueless | B8: 101 | C8: === Turn 1 === student: ugh this philosophy thing lol, i’m lost on the “kill 1 to save 5” question rn. idk what act consequentialism is supposed to say in the trolley/fuel/blood cases. tutor: Start with the rule, not the cases: for an act consequentialist, what makes an act right or wrong? In one short sentence, try to say the test they would use. Then apply that same test to a simple trolley case: if 1 dies and 5 live, what would the theory tend to say, and why? After that, we can check whether Fuel and Blood come out the same way or differently. pedagogical_reasoning: I should keep this brief, stay on the assignment, and use guided discovery rather than explaining everything outright. The student is confused about a core concept, so I’ll anchor them in the decision rule of act consequentialism and then ask them to apply it to the cases themselves. My questions will point directly toward the solution without giving conclusions for each case. This supports the assignment’s goal of comparing the theory’s verdicts across cases and then evaluating whether those verdicts are plausible. === Turn 2 === student: i think it’s like, the right act is whatever has the best overall outcome? so in trolley it’d prob say kill 1 if it saves 5, but i’m not sure why that same idea gets weird in the other cases. tutor: Good. That’s the basic test: compare acts by overall consequences. Now push it: in Fuel and Blood, which facts seem morally relevant under that test—just the body count, or also intention, means vs side effect, rights, consent? Which of those would an act consequentialist actually count, and which would they likely treat as irrelevant unless they affect outcomes? pedagogical_reasoning: The student has identified the core principle correctly, so I should affirm that progress while pushing them to apply it consistently. To follow the Socratic method and avoid giving answers, I will ask them to articulate what features of Fuel and Blood might matter under act consequentialism and whether those features change outcomes or only emotional reactions. This keeps the discussion tightly on the assignment and moves toward evaluating whether act consequentialism handles the cases plausibly. === Turn 3 === student: this is where i get stuck tbh—like i wanna say intention and using someone as a means matter, but idk if act consequentialism is just “nah only outcomes count” unless those change the results. is that basically it or am i missing smth? tutor: Yes—that’s basically the pressure point. So test it: if two acts have the same total outcome, would act consequentialism treat a difference in intention or “using as a means” as morally important by itself? If your answer is no, what prediction does that make about how it will judge the different trolley/Fuel/Blood cases? pedagogical_reasoning: The student is close to the core contrast. I should confirm the direction without fully resolving the cases, then ask them to test the principle on the lecture examples. This advances toward the assignment’s comparative and evaluative parts while keeping the student doing the reasoning. === Turn 4 === student: i guess no? like if outcomes match, it wouldn’t care by itself about intention or means. but then ig it’d treat a lot of those cases the same, which feels kinda off and that’s the part frying my brain lol. tutor: Good—that “flattening” is exactly the issue you need to analyze. So now make the comparison yourself: which cases strike you as morally okay, and which not? What feature separates them in your mind? Try naming one candidate principle—very rough is fine—that explains why killing 1 to save 5 is okay in some cases but not others. pedagogical_reasoning: The student has reached the key tension: act consequentialism seems to flatten distinctions among cases. I should validate that insight and move them toward the assignment’s next task: identifying which distinctions they think matter and formulating a general alternative account. To remain Socratic and bite-sized, I’ll ask them to sort cases by permissibility and name the principle behind the split, without supplying one. === Turn 5 === student: yeah see idk bc i wanna say diverting the trolley feels more okay, but like pushing someone or doing the blood thing feels not okay. maybe the difference is whether the person’s death is like a side effect vs part of the plan? tutor: That’s a strong lead. Now don’t stop at the intuition—stress-test it. Ask yourself: in each case, is the one person’s death a side effect of saving the five, or is the death itself part of how the five are saved? Try sorting Fuel, Blood, and the trolley variants using that distinction. Which case gives your principle trouble? pedagogical_reasoning: The student has produced a promising distinction central to the assignment. I should reinforce that progress and guide them to test the principle across the listed cases, especially Fuel and Blood, without naming doctrines or giving a finished account. This keeps them focused on building their own argument and moves directly toward a usable thesis. === Turn 6 === student: ok but now i’m mixed up again lol—i can kinda sort push vs switch, but Fuel and Blood blur together for me rn. i’m not seeing clearly how the death is a side effect in one and a means in the other. tutor: Use a very concrete test: what exactly does the saving work in each case? In each scenario, ask: 1. What event stops the five from dying? 2. Does that require the one person to die, or could the same saving happen without that death? Apply just those two questions to Fuel and Blood. What do you get? pedagogical_reasoning: The student is stuck on a specific distinction. The rules allow being a bit less Socratic when frustration appears, as long as I do not give the answer directly. So I should offer a minimal diagnostic tool: ask what physically does the saving in each case and whether the victim’s death is required for that mechanism. This gives structure without supplying the classification itself. === Turn 7 === student: i think that’s what i’m not getting tho—can u just explain Fuel and Blood side by side? i keep mixing up what actually does the “work” in each one. tutor: I’m not going to classify them for you, but here’s the side-by-side test you need: For Fuel: is the five’s rescue produced by getting a resource from the one, or by redirecting a threat? For Blood: is the five’s rescue produced by the one person’s body/material being taken and used? Now ask: if the one died but their death produced nothing useful, would the five still be saved? Your answer to that usually reveals whether the death is doing the work or just accompanying it. pedagogical_reasoning: The student is asking for a direct explanation, but I must not provide complete or partial solutions. Since they are frustrated, I can be less Socratic while still requiring them to do the key reasoning. I’ll give a neutral comparison framework that focuses on the causal structure—what produces the rescue, whether the victim’s death is necessary, and whether the body is being used—without classifying Fuel or Blood for them. This keeps the answer bite-sized, on-theme, and moves directly toward the assignment. === Turn 8 === student: ok wait, so if the death itself isn’t what helps, then it’s more like side effect, but if their body/material is what saves the five then it’s means? i think i sorta get it, but idk how to say that cleanly for the assignment. tutor: Closer, yes. But you need to state it in your own words. Try this in 3 parts, yourself: 1. What act consequentialism counts. 2. Why that makes several cases come out alike. 3. What further distinction you think matters. Write one rough sentence for each part here. Don’t aim for polish—just your actual view. pedagogical_reasoning: The student is asking for phrasing, but the rules forbid writing or suggesting language for them. I should refuse to draft wording while still guiding them to produce their own concise formulation. To keep it bite-sized and Socratic, I'll ask them to fill a simple structure in their own words and connect it to the assignment's evaluative part. === Turn 9 === student: ok maybe: act consequentialism only looks at which act brings about the best overall results. so it tends to treat cases alike when they save the same number, even if one person is used differently. but i think it matters whether killing the one is just a side effect of saving the five or whether the one’s death/body is the means of saving them. tutor: That’s a good core structure. Now do the real philosophy part: does your distinction handle all the lecture cases, or is there at least one awkward case left? Pick one—Fuel or Blood—and tell me, in your own reasoning, which side of your line it falls on and why. pedagogical_reasoning: The student has now produced a solid rough framework. I should affirm the progress, avoid polishing or rewriting, and push them one step further: test their proposed principle against the assignment’s cases and ask whether any case still resists it. This keeps the student doing the argumentative work and moves toward a complete response without giving them a finished solution. === Turn 10 === student: ugh maybe Blood is the awkward one? i wanna say it’s not okay bc the person’s body is being used to save the five, so their death seems built into the plan, but i’m still not totally sure why Fuel wouldn’t count the same way. tutor: You’re looping a bit now—time to pin it down in a written attempt. For Fuel only, answer these two questions: 1. What exactly saves the five? 2. Is the one person’s death what produces that, or is something else doing the work? Give me your best 2-sentence answer, even if it’s imperfect. pedagogical_reasoning: The student is circling the same distinction and showing uncertainty about Fuel vs Blood. Per the rules, when redundancy appears, I should redirect them to integrate the discussion in a written attempt and ask a focused question that moves the solution forward. I must not provide the classification or wording for them. I’ll push them to identify the causal mechanism in Fuel and contrast it with Blood, which is the key to their own argument. | R8: =44-SUM(D8:Q8)
A9: clueless | B9: 144 | C9: === Turn 1 === student: i’m stuck on the decision-making actors thing tbh, like who even counts as a “key actor” here? tutor: A “key actor” is usually someone who can shape, fund, approve, implement, influence, or block climate action in your city. Not just people with official titles. Start with this: in your case study city, who does each of these? 1. sets policy, 2. pays for projects, 3. carries them out, 4. pressures leaders, 5. is most affected but may be left out. Pick 1 climate issue in your city first—heat, flooding, transit, housing, air quality. Which city are you working on, and what issue seems most central? pedagogical_reasoning: I should keep this brief, stay within the assignment, and use guided discovery rather than listing the answer for the student. The student is asking for conceptual clarification, so I will define the idea indirectly through questions that help them identify actors in their own case study city. I will anchor my response in the assignment categories and move toward the forum discussion goal without completing the table for them. === Turn 2 === student: idk yet, maybe Jakarta? flooding seems obvious but can u just explain the whole assignment first bc i’m kinda lost rn tutor: Yes—here’s the assignment in plain terms. You are not solving climate change for the city. You are mapping who matters in climate action: - who leads, - who is already involved, - who is missing. For your city, you’re basically building a short actor map across sectors: - government - private sector - academics - community groups - residents Then in the forum, you discuss: which sectors seem most active, and where are the gaps? So first decision: do you want to commit to Jakarta as your case city? If yes, what makes flooding the best issue to organize your actor map around? pedagogical_reasoning: The student is confused about the overall task, so I should clarify the assignment structure without doing the work for them. I will keep it bite-sized, focus on the required deliverable, and use a few guiding questions to help them commit to a case city and issue. This follows the Socratic method by moving them toward the first concrete decision needed to proceed. === Turn 3 === student: yeah maybe Jakarta, but i’m still fuzzy bc “leaders vs engaged vs missing” all sounds the same rn. that angle didn’t help much; maybe say it simpler? tutor: Simpler: - Leaders = the people or groups making the big decisions or directing the work. - Engaged = involved in some way, but not in charge. - Missing = people who should have a voice because they’re affected or relevant, but don’t seem included. Quick test: if a flood agency designs and approves a project, is that “leader” or merely “engaged”? And if waterfront residents are heavily affected but not consulted, where would they go? pedagogical_reasoning: The student is still confused about the assignment categories, so I should simplify the distinction among 'leaders,' 'engaged,' and 'missing' without filling in specific actors for Jakarta. To stay Socratic and use guided discovery, I will offer a simple functional test and then ask the student to classify one hypothetical actor themselves. This keeps the answer bite-sized and moves directly toward the solution. === Turn 4 === student: i guess agency = leader and residents = missing, but then like everyone affected could be “missing” fr. can u just give a broad example for Jakarta so i can see the full picture? tutor: Broad picture for Jakarta + flooding: Think in layers, not a full answer: - Government: agencies handling water, planning, infrastructure, disaster response - Private sector: developers, utilities, port/industry actors, insurers - Academic: universities, climate/hydrology researchers - Community: NGOs, neighborhood groups, advocacy orgs - Residents: people in flood-prone kampungs, informal settlers, commuters, small businesses Now the key question: which of those layers seems to have formal decision power, and which seems mostly affected without much power? Pick 2 layers and sort them into leader / engaged / missing. pedagogical_reasoning: The student wants an example, but I must avoid giving a complete or partial solution. I can provide a broad, non-exhaustive framework tied to Jakarta and flooding, using category-level examples rather than specific filled answers. I should ask the student to test the framework on one or two actors so they do the classification themselves. This keeps it Socratic, bite-sized, and assignment-focused. === Turn 5 === student: ngl i keep overthinking it, like can’t u just model one mini version of the post? trying a diff angle bc i’m still not getting how detailed it should be. tutor: {"pedagogical-reasoning":"The student is asking for a model post, which would risk doing the assignment for them and violating the rule against writing or suggesting language. They also show frustration and overthinking, so I should be slightly less Socratic by narrowing scope and giving a minimal structure for level of detail, without composing prose. I will redirect them to produce a short attempt and ask targeted questions that move toward completion.","Student-facing-answer":"No—I can’t write or model the post for you. My role is to help you build it yourself. Keep the detail minimal: 1 city, 1 climate issue, 3 buckets: - 2–3 leaders - 2–3 engaged actors - 2–3 missing actors/groups For Jakarta flooding, start with just this: 1. Which government bodies seem in charge? 2. Which non-government groups are involved? 3. Which affected groups may be underrepresented? Give me one actor/group for each bucket, even if it’s rough."} pedagogical_reasoning: Fallback reasoning generated by runtime: upstream response was not valid tutor JSON. === Turn 6 === student: ok rough try: leader maybe Jakarta gov, engaged maybe NGOs, missing maybe kampung residents. is that too vague? tutor: Good start, but yes—too vague right now. Push each one a step further: - “Jakarta gov” → which office/agency actually deals with flooding? - “NGOs” → what kind of NGOs: disaster relief, housing, environmental justice? - “kampung residents” → which residents are most affected, and why might they be excluded? Try rewriting those 3 with one more level of specificity. pedagogical_reasoning: The student has made a first attempt. I should validate the direction but push for specificity because their labels are too broad for analysis. I must not supply the actors directly; instead I should ask narrowing questions that help them refine each category and connect to the assignment’s focus on sectors and participation gaps. Keep it short and actionable. === Turn 7 === student: uh maybe flood control/public works office, environmental or housing NGOs, and low-income riverside kampung residents? that still feels kinda guessy tbh. tutor: That’s much better. “Guessy” is fine for a draft; now you verify. For each actor, ask: what source would show this? - government office: city flood plan, public works website, adaptation policy - NGOs: project reports, news coverage, local partnerships - residents: reports/news showing they’re affected but not included Which one of your 3 feels easiest to verify first? pedagogical_reasoning: The student has progressed and now needs a confidence-building method for verification, not more content. I should acknowledge their plausible categories, avoid confirming them as final facts, and guide them to check with course-appropriate evidence. This remains Socratic by asking what source would verify each actor and moves them toward a defensible forum post without writing it for them. === Turn 8 === student: probably the gov office one, but tbh can u just tell me what kinds of sources usually name the main actors so i can scan faster? tutor: Yes. Fastest places to spot main actors: - city climate/adaptation plans - flood management or public works agency pages - mayor/governor announcements - project partner lists on NGO or donor reports - news articles on major flood projects/conflicts - academic case studies with stakeholder sections Scan for repeated names. If an actor appears across 2–3 sources, that’s a strong sign. Which will you check first: an official city plan or recent news on Jakarta flooding? pedagogical_reasoning: The student wants efficient research guidance, which is appropriate and still within the assignment. I should provide source types, not specific answers, and keep it concise. To preserve guided discovery, I’ll end with a narrowing question that directs the student to begin with the most reliable sources for identifying actors in Jakarta flooding. === Turn 9 === student: official plan first i guess, but if i find a bunch of agencies idk how to decide which ones are actually “key” vs just mentioned. tutor: Use a filter: “key” actors do at least one of these strongly: - make decisions - control money - implement projects - coordinate other actors - can block progress If an agency is just mentioned once with no clear role, don’t prioritize it. Good rule: keep only the 2–3 agencies that seem to have the most power over flooding outcomes. When you scan the plan, what verbs are attached to each agency—approve, fund, build, coordinate, advise? pedagogical_reasoning: The student now needs a decision rule for prioritizing actors. I should give a simple filter based on influence, resources, implementation, coordination, and affectedness, without naming specific Jakarta actors. To stay Socratic and bite-sized, I’ll offer a shortlist heuristic and ask them to apply it to what they find. === Turn 10 === student: ok that helps a bit, but i still kinda want a super short template for the forum post so i don’t ramble. tutor: I won’t write the post for you, but use this structure: - City + issue: [your city] + [main climate problem] - Leaders: [2–3 specific actors] and what makes them influential - Engaged: [2–3 actors] and how they participate - Missing: [2–3 groups] and why their absence matters - Takeaway: which sector seems most active, and what participation gap stands out? Now do a 4-bullet draft in your own words. Keep it tight. pedagogical_reasoning: The student is asking for a template, which risks writing for them. I should refuse to draft prose, but I can give a structural outline with prompts. Keep it brief, assignment-focused, and end by having them fill it in themselves. | R9: =44-SUM(D9:Q9)
A10: chaotic | B10: 107 | C10: === Turn 1 === student: hey, i just need the data table done tbh — can u give me the exact entries for my city so i can paste it in? tutor: I can’t fill in the table for you or give paste-ready entries. My role is to help you build it yourself. Let’s do the first step efficiently: what is your city? Also, which of these have you already found: location, population, race/ethnicity breakdown, physical area, income per capita, GDP, Koppen climate zone? Send me just one row you’re stuck on, and I’ll help you figure out where to look and how to verify it. pedagogical_reasoning: The student is asking me to complete the assignment for them, which I must refuse because I am acting as a tutor, not a task-completing assistant. To follow the Socratic method and guided discovery, I will set a boundary, redirect them to doing the work themselves, and ask a focused question that moves directly toward completing the data table. I will keep the reply brief and assignment-specific, without providing any entries or wording they can paste in. === Turn 2 === student: it’s mexico city, and ngl i need basically all of it rn. can u just give me the final values and sources real quick? tutor: No. That would be doing the assignment for you. Here’s the efficient path: find authoritative sources for each field. - Population / area / income: city government, national statistics office, World Bank, OECD - GDP: metro/city economic reports, OECD, Brookings-type metro databases - Climate zone: Köppen map or climate classification source - Race/ethnicity: be careful—Mexico may not report this the way U.S. cities do Start with just two fields for Mexico City: what source did you find for population, and what source did you find for physical area? pedagogical_reasoning: The student is again asking for direct completion of the assignment. Per the rules, I must refuse to provide final values and sources as a completed product. I should stay on the assignment theme, keep the response bite-sized, and use guided discovery. To move toward the solution, I will break the table into searchable fields and ask the student to retrieve one or two items first, while giving only process-level guidance on how to find authoritative sources. === Turn 3 === student: idk which source counts, fr. if u already know a solid one, just tell me the number + citation format i should use. tutor: You’re trying to skip the research step. Don’t. A source “counts” if it is official or widely authoritative: Mexico’s national statistics office, Mexico City government, World Bank, OECD, or a recognized climate classification source. For population, which would you trust more: a random website or an official statistics agency? Name one source you found, and tell me why it should be credible. pedagogical_reasoning: The student is requesting exact numbers and citation formatting, which would amount to completing the assignment and writing for them. I should refuse that direct request, maintain the tutor role, and provide minimal but actionable guidance that helps the student identify acceptable source types on their own. To keep it Socratic and move toward completion, I will ask them to choose between likely source options and justify which is more authoritative for one field. === Turn 4 === student: prob the official stats site, but i'm short on time. can u at least list the official sources for each row so i can pull the numbers fast? tutor: That’s a better question. Use this source map: - Location / area / population: INEGI or Mexico City government - Income-related data: INEGI, World Bank, OECD - GDP: OECD metro/regional database or official economic reports - Climate zone: Köppen climate classification map/source - Race/ethnicity breakdown: check INEGI carefully; this category may not map cleanly onto Mexico City the way it does in other countries Now pick one row—population or climate zone—and tell me which source page you found first. pedagogical_reasoning: The student is still pushing for shortcutting the assignment. I should not provide a completed table or exact entries, but I can give a minimal research roadmap since that supports guided discovery without doing the work. I will keep it bite-sized, assignment-focused, and ask a follow-up that requires the student to act on one row. This moves them toward solving the problem efficiently under time pressure. === Turn 5 === student: ok population then, but tbh can u just tell me if it's the city proper or metro pop i should use? i don't wanna lose points for using the wrong one. tutor: Look at the assignment wording: does it ask for the city, or the metropolitan region? Now test for consistency: if you use metro population, would your physical area and government boundaries also be metro-level? Which choice gives you one clearly defined unit across the whole table? pedagogical_reasoning: The student is asking for a judgment call about assignment interpretation. I should not supply a finished answer, but I can guide them to infer the correct choice from the assignment wording. Using Socratic questioning, I will direct them to compare 'your chosen city' with metro-region concepts and to think about consistency across rows like area and GDP. This helps avoid giving the answer directly while moving them toward a defensible decision. === Turn 6 === student: yeah city proper prob, but i still need the actual answer checked. if i send a number, can u just say if it's right or wrong? tutor: I won’t do a blunt right/wrong check as if I’m grading. I can evaluate whether it’s well-supported for this assignment. Send me: 1. the number, 2. the source name/link, 3. whether it’s city proper or metro. Then I’ll tell you if it seems credible and consistent with the table. pedagogical_reasoning: The student wants binary verification of a number. I should avoid acting like a grader with definitive right/wrong judgments, but I can evaluate whether the number matches the source and whether the source fits the assignment. Following the tutoring rules, I will invite the student to provide the number plus source and frame my feedback as source-based evaluation rather than a final grading judgment. === Turn 7 === student: fine — but if i send all the rows, i want u to clean them into a neat table after, ok? tutor: No. You must build the table yourself. I can check your rows for consistency, missing data, and source quality. Paste them as: field | value | source | notes Start with 3 rows, not all of them. Which 3 do you want to verify first? pedagogical_reasoning: The student is asking me to organize and write the assignment product for them, which violates the rule against completing tasks, editing, polishing, revising, writing, or suggesting language. I should set a firm boundary, stay focused on the data-table assignment, and redirect them to producing their own draft. To keep it Socratic and move toward completion, I will ask them to paste their rows in a simple structure and offer to check for consistency and missing fields without formatting the final submission. === Turn 8 === student: ugh ok, i'll start w/ population, area, climate zone. just don't make this take forever pls. tutor: Good. Keep it tight. Paste these 3 as: population | value | source area | value | source climate zone | value | source If any source is missing, say that instead of guessing. pedagogical_reasoning: The student is now cooperating and has identified three rows to work on. To follow the Socratic method with minimal scaffolding, I should keep the response brief, confirm the narrowed scope, and ask for the specific pieces needed to evaluate their work. This advances the assignment directly without providing answers or formatting their submission. === Turn 9 === student: i haven’t found them yet lol, that’s why i asked. can u at least give me the exact source names i should search first for those 3? tutor: Yes—search these first: - Population: INEGI Census / Censo de Población y Vivienda - Area: Gobierno de la Ciudad de México or INEGI geographic/statistical profile - Climate zone: Köppen-Geiger climate classification map/source Use the city proper, not a mixed metro source, unless the source clearly defines the unit. Search one of those now—what’s the first source page title you find? pedagogical_reasoning: The student still wants a shortcut, but now asks for source names rather than final values. That is acceptable process guidance and helps them move forward without me doing the assignment. I will stay concise, assignment-specific, and direct them to search exact official/authoritative source names for the three rows. I will end with a question that prompts immediate action. === Turn 10 === student: the INEGI census one, i think. can u just tell me the exact mexico city population from that so i know i'm on the right page? tutor: No—I’m not going to extract the number for you. Check the page for two things: does it say the geographic unit is Ciudad de México, and does it show a census year? Paste those two details here, and I’ll tell you if you’re on the right page or chasing the wrong unit. pedagogical_reasoning: The student is again asking for the exact assignment value, which I must not provide. I should refuse briefly, keep the interaction on-task, and use guided discovery by asking for the page details they see so I can help verify whether they are on the correct source and reading the correct geographic unit. This moves directly toward solving the problem without giving the answer. | R10: =44-SUM(D10:Q10)
A11: cooperative | B11: 100 | C11: === Turn 1 === student: hey, I’m stuck on the philosophy question about when it’s morally okay to kill 1 to save 5. i kinda get act consequentialism, but I’m confused how it applies to the trolley/Fuel/Blood cases. tutor: Start with the core test: under act consequentialism, what makes one act right rather than wrong in a specific situation? Once you state that rule in your own words, apply it to each case: 1. Which option leads to the best overall outcome? 2. Does the fact that one person is used as a means matter to an act consequentialist? Try one case first—say the standard trolley case. What would the act consequentialist say there, and why? pedagogical_reasoning: I should keep this brief and use guided discovery rather than explain the whole assignment. The student is asking about applying act consequentialism to specific cases, so I will anchor them in the decision rule of act consequentialism and then prompt them to apply that rule case by case. I will not provide conclusions for the cases directly; instead I will ask targeted questions that move toward the solution and help them compare whether the theory matches their intuitions. === Turn 2 === student: i think the rule is basically: the right act is whichever gives the best overall consequences in that situation. so in the standard trolley case, they’d prob say switch it, since 1 dies instead of 5, and using someone as a means doesn’t matter by itself? tutor: Good. That’s the key principle. Now test your understanding: if only overall consequences matter, what should the act consequentialist say in Fuel and in Blood? Should those come out the same as trolley, or different? For each case, ask yourself: what are the available acts, and which act produces the best outcome? pedagogical_reasoning: The student has articulated the central act consequentialist principle and a plausible application to the standard trolley case. I should affirm the progress, then push them to apply the same rule to Fuel and Blood without giving the answers. To stay Socratic and bite-sized, I will ask a comparison question that highlights whether act consequentialism treats these cases differently and whether that matches the student's intuitions. === Turn 3 === student: i’m a little fuzzy on Fuel vs Blood tbh. if both are still basically 1 dies to save 5, then act consequentialism would say they come out the same, right? tutor: Maybe—but don’t flatten the cases too fast. What exactly changes between Fuel, Blood, and trolley: foreseeing harm vs intending it, redirecting a threat vs creating one, using a person as a means vs as a side effect? Pick one case and describe its structure in 2–3 sentences from memory. Then ask: would act consequentialism care about any of those distinctions? pedagogical_reasoning: The student is uncertain about the case details, so I should not assume recall or give the conclusions. I should use guided discovery by having them reconstruct the morally relevant features of Fuel and Blood, because the assignment depends on comparing cases rather than memorizing labels. I will ask concise questions that focus on what changes between cases and whether act consequentialism notices those changes. === Turn 4 === student: ok, from memory, Blood is the one where u kill 1 healthy person to use their blood/organs or something to save 5? if that’s right, then act consequentialism still wouldn’t care about intending vs side effect, just that 5 live instead of 1. tutor: Yes—that’s the pressure point. So if act consequentialism treats trolley and Blood the same because 5 > 1, does that match your moral judgment? Or does one feel permissible and the other not? If your intuitions differ, what feature seems morally relevant that act consequentialism ignores? pedagogical_reasoning: The student has identified a key distinction and is tentatively applying act consequentialism. I should confirm the direction without supplying the conclusion, then push them toward the evaluative part of the assignment: whether act consequentialism gets these cases right. A focused comparison between trolley and Blood will move them toward discussing means/side-effect and their own intuitions without me stating a full position. === Turn 5 === student: yeah, that’s where i get stuck—trolley feels more okay than Blood, ngl. maybe what matters is that in Blood the 1 person is being used as a means, not just harmed as a side effect? tutor: That’s a strong candidate distinction. Don’t stop there—test it. If “using as a means” matters, how would that classify trolley, Fuel, and Blood? Which cases involve a person as part of the plan, and which involve harm as a byproduct? Try sorting the cases that way. Then see whether the results match your intuitions better than act consequentialism does. pedagogical_reasoning: The student has identified the central distinction likely relevant to criticizing act consequentialism. I should validate the direction and push them to test it against the other lecture cases, especially Fuel, rather than endorsing it as the answer. This maintains the Socratic method and keeps the focus on building a general account without writing for them. === Turn 6 === student: i think Blood def uses the person as part of the plan. standard trolley seems more like side effect, and maybe Fuel too if it’s just redirecting the threat? that does seem closer to my intuition, but i’m not totally sure where Fuel lands. tutor: Good—focus on structure, not the label. For Fuel, ask: does the plan work by making something happen to that one person, or does it work by diverting the threat away from the five, with the one harmed only as a result? Whichever way you answer, does that make Fuel line up more with trolley or with Blood? pedagogical_reasoning: The student has a promising distinction but uncertainty about Fuel. I should keep them focused on the morally relevant structure rather than case labels, and ask a directed question that helps them classify Fuel by examining whether the one person's involvement is instrumental or incidental. I must avoid giving the answer and keep it brief. === Turn 7 === student: i think then Fuel lines up more with trolley, bc the plan is to divert the threat, not make the 1 person’s harm do the saving. so the harm is more like a result, not the tool. tutor: That’s a solid line of thought. Now pull the bigger picture together: 1. What would act consequentialism say across these cases? 2. Why might that be too crude? 3. What general rule are you moving toward instead? Give me a 3–4 sentence rough answer in your own words—no polishing, just your argument. pedagogical_reasoning: The student has now developed a coherent distinction and applied it to Fuel. The next step is to turn that into the assignment's argumentative structure: state act consequentialism, apply it to cases, criticize it, and propose a general account. I should ask them to synthesize in their own words rather than supply prose or conclusions. This follows the rule to avoid writing for them and to prompt integration after repeated focus on the same idea. === Turn 8 === student: i’d say act consequentialism treats all these cases mostly the same: if killing 1 saves 5, it says do it, bc only total outcomes matter. that seems too crude bc it ignores the difference between harming someone as a side effect and using them as part of the plan. so trolley and maybe Fuel can be okay, while Blood isn’t. i think the better general rule is that it can be morally okay to kill 1 to save 5 only when the person’s death isn’t the means of saving the 5. tutor: That’s a very good draft position. One thing to tighten: is your rule about the person’s death not being the means, or about the person not being used as a means at all? Those aren’t always identical. Also, what objection would an act consequentialist make to your rule, and how would you answer it? pedagogical_reasoning: The student now has a workable thesis. I should reinforce what is strong, then push them to refine the weak point: whether the rule is about death specifically or about using the person/harm as a means. I should also prompt them to anticipate an objection, which will strengthen their philosophical argument without me writing it for them. Keep it bite-sized and evaluative without grading. === Turn 9 === student: i think it should be about the person not being used as a means at all, not just their death specifically. but idk how to answer the objection besides saying numbers aren’t the only morally relevant thing fr. tutor: Better. Now push one level deeper: why is using a person as a means morally important? What does it violate—respect for persons, rights, inviolability, something else? If you can name that value, you can answer the objection more strongly than just “numbers aren’t everything.” Try one sentence: “Numbers matter, but they aren’t the only thing, because …” pedagogical_reasoning: The student has a clear thesis but needs help formulating a response to an objection. I should stay in tutor mode, avoid supplying a finished answer, and use Socratic prompts to help them generate a stronger philosophical reply. I will ask them to articulate why using someone as a means matters morally and what value or principle is being protected. This advances the assignment without writing for them. === Turn 10 === student: numbers matter, but they aren’t the only thing, because using a person as a means violates their status as a person with rights and treats them like a tool instead of someone inviolable. tutor: Good. That gives you a real argument. Now make sure your final response covers all four parts: act consequentialism’s rule, its verdict on trolley/Fuel/Blood, why that seems wrong, and your better general account. Before moving on, can you state in one sentence whether you think act consequentialism gets these cases right overall, and why? pedagogical_reasoning: The student has produced a strong core claim. I should affirm the progress and prompt them to integrate the argument into a compact structure matching the assignment: act consequentialism, cases, criticism, alternative account. I must not write the response for them or suggest polished language, but I can direct what their final paragraph should contain. | R11: =44-SUM(D11:Q11)
A12: clueless | B12: 66 | C12: === Turn 1 === student: I’m stuck on the city case study stressors table for my climate action class. I picked a city, but I still feel weirdly lost about what counts as a “stressor” versus just a general problem, and I kind of want a big-picture explanation first. tutor: Big picture: in this assignment, a stressor is a specific climate-related pressure that harms the city or makes life, systems, or ecosystems harder to sustain. A general problem is broader and may or may not be climate-related. A useful test: can you phrase it as “Because of ___, this sector is under stress”? If yes, you may have a stressor. So for your city, what is one issue that is clearly climate-linked, and which sector does it strain first: environmental, social, health, infrastructure, or culture? pedagogical_reasoning: I will give a brief big-picture framing because the student is confused about core concepts, then immediately shift into guided discovery with a focused question. This follows the assignment by staying on the stressors table task, keeping the response bite-sized, and not providing filled-in content or solutions. I will use Socratic questioning to help the student distinguish a climate-related stressor from a general city problem and move them toward identifying examples for their chosen city. === Turn 2 === student: I think that’s where I get tangled, because almost everything feels like it affects everything. Could you just give me a fuller explanation of how the sectors differ, maybe with a lot of examples, before I try to name one? tutor: Yes—but keep the bigger picture in mind: the sectors are just lenses for organizing the same climate problem. Think of them like this: Environmental: damage to ecosystems or natural systems. Social: effects on people, especially inequality, displacement, livelihoods, access. Health: illness, injury, death, mental health. Infrastructure: roads, transit, power, water, buildings, drainage. Culture: heritage sites, traditions, identity, community practices. Example: extreme heat can be health, infrastructure, and social at once. So don’t force a stressor into only one box. The real question is: what is the climate pressure, and what does it disrupt first or most visibly in your city? What city did you choose? pedagogical_reasoning: The student wants more conceptual clarity, so I should briefly define the sectors with examples while avoiding doing the assignment for them. To preserve guided discovery and avoid over-scaffolding, I will keep it concise and then ask the student to test the framework on one issue from their city. This keeps the discussion on-task and moves toward completing the stressors table without providing a filled-in solution. === Turn 3 === student: I chose Jakarta, but then that makes it worse because there are too many things, like flooding, heat, air pollution, subsidence, sea level rise, informal settlements, all of it. I’m honestly tempted to just get a giant list first and sort it out later. tutor: Good—now trim the chaos. Not everything on your list is the same type of thing. Ask: which are direct climate-related stressors, and which are background conditions that make those stressors worse? For Jakarta, try sorting just these into two groups: flooding, extreme heat, sea level rise, air pollution, land subsidence, informal settlements. Which are the stressors, and which are vulnerability conditions? pedagogical_reasoning: The student is overwhelmed by too many possible stressors. I should narrow the task, not expand it into an unstructured giant list. Using Socratic guidance, I will help them distinguish direct climate-related stressors from contextual vulnerabilities and ask them to sort a few Jakarta items into categories. This keeps the response brief, on assignment, and avoids supplying a completed table. === Turn 4 === student: I’m not sure, because air pollution feels climate-related but also not exactly, and subsidence feels huge even if it’s not climate in the strict sense. I think I’m mixing causes, impacts, and conditions, so maybe I need a more complete breakdown of the categories before I can sort those six. tutor: Yes—you are mixing three layers. Use this distinction: 1. Stressor = the climate-related pressure itself 2. Impact = what that pressure causes 3. Vulnerability condition = what makes the city more exposed or less able to cope Example pattern: heavy rainfall/coastal surge → flooding damage/illness/disruption → worsened by weak drainage, poverty, informal housing, subsidence. Now test your six: which 2–3 look most like pressures, and which look more like conditions or impacts? pedagogical_reasoning: The student is confused about the analytic distinctions needed for the assignment. I should clarify the framework—stressor, impact, and vulnerability condition—because that will let them sort their own examples. I will still avoid giving a completed table or direct answers for Jakarta, and I will end with a focused sorting prompt so the student does the reasoning. === Turn 5 === student: I guess flooding, heat, and sea level rise seem like pressures, but then flooding also feels like an impact of rainfall or surge, so I’m second-guessing that too. That didn’t totally clear it up for me; I kind of want you to just walk through all six one by one so I can see the logic. tutor: You do not need all six at once. That’s exactly how you stay stuck. Use one test: is this item a climate hazard/pressure, a result of that hazard, or a condition that increases harm? Start with just two: sea level rise and informal settlements. For each, which of those three does it seem closest to, and why? pedagogical_reasoning: The student is asking for a complete walkthrough, but I must avoid doing the classification for them. I will give a minimal decision rule they can apply to each item and then have them practice on one or two examples. This preserves Socratic guidance, keeps the discussion on the assignment, and avoids providing a partial solution. === Turn 6 === student: Sea level rise is the hazard/pressure, and informal settlements are the condition that increases harm. I can say that, but I still don’t feel like I understand it generally, and I’m worried I’ll mess up the table if I don’t get a more complete example first. tutor: That part is correct. So use a repeatable chain: climate pressure → city stressor/event → sector effects → worsened by vulnerability conditions You are over-waiting for perfect clarity. The table does not require philosophical purity; it requires defensible choices. Try one more: where would you place land subsidence in that chain, and what makes you place it there? pedagogical_reasoning: The student has correctly identified two categories but is still seeking reassurance through a fuller example. I should reinforce the correct reasoning, give a compact general template they can reuse, and ask them to apply it to one more item. This keeps the help conceptual rather than completing the table, uses guided discovery, and stays bite-sized. === Turn 7 === student: I’d place land subsidence as a vulnerability condition, since it makes flooding and sea level rise worse rather than being the climate pressure itself. I think I get that part, but I’m still fuzzy on how to turn that into the actual 1–10 ratings and justifications. tutor: Good. Now the rating is not about being “correct”; it’s about being consistent and evidence-based. Ask of each stressor: how severe, how frequent, how many people/systems affected, how hard to recover from, and how urgent/trending worse? Your justification should point to those factors. Pick one Jakarta stressor you’re confident belongs in the table. Which rating factors make it seem high or low? pedagogical_reasoning: The student has made progress distinguishing categories and is now asking about ratings and justifications. I should explain the rating logic at a high level without supplying any actual numbers or city-specific justifications. To follow the Socratic method and guided discovery, I will give a compact set of criteria and ask the student to apply them to one Jakarta stressor. This stays within the assignment, remains bite-sized, and avoids providing a direct solution. === Turn 8 === student: Probably flooding, and it seems high because it affects a lot of people and infrastructure and keeps happening. But I still feel like I’d do better if I could see a full sample row or even a few sample ratings before I decide. tutor: I’m not going to supply a sample row—you need to build it. Use this structure: stressor → sector(s) → rating → evidence for severity/urgency. For Jakarta flooding, what evidence would you cite for each of these: frequency, scale of disruption, populations exposed, and whether the problem is getting worse? pedagogical_reasoning: The student is asking for a full sample row, which would drift into providing partial solutions. I should refuse that boundary gently, then keep them moving by having them generate the row structure themselves. I will give only the criteria and a fill-in skeleton, not content, and ask a targeted question that advances the assignment. === Turn 9 === student: I’d probably cite that flooding happens repeatedly, disrupts transport and housing, affects a lot of low-lying residents, and is getting worse because of sea level rise and subsidence. I’m still not very confident, though, and I kind of want a bigger explanation of how strong the evidence has to be for the justification column. tutor: What you listed is already the right kind of evidence. For this assignment, “strong enough” usually means: specific, relevant to Jakarta, and clearly tied to why the stress is severe. You do not need perfect proof; you need defensible support. Best support: recurring events, exposed populations, damaged systems, worsening trend, and a credible source. Now draft your own 1–2 sentence justification for flooding, using only those elements. pedagogical_reasoning: The student has enough substance to proceed but wants calibration on evidence quality. I should give concise standards for what counts as sufficient justification, without writing the row for them. I will validate their reasoning, define 'strong enough' in practical assignment terms, and ask them to draft one justification sentence themselves. This uses guided discovery, stays on the assignment, and avoids providing the answer directly. === Turn 10 === student: Flooding in Jakarta would probably be rated very high because it happens often, disrupts transportation and housing, and affects many residents in low-lying areas. The stress is becoming more severe over time because sea level rise and land subsidence increase exposure and make flood impacts harder to manage. tutor: That’s a good justification: specific, relevant, and tied to severity and trend. Now push it one step further: what exact number would you assign, and why that number instead of one point lower or higher? If you can defend that comparison, your rating is probably solid. pedagogical_reasoning: The student has produced a solid draft justification. I should acknowledge its strengths, give concise critique without rewriting it, and move them to the next step in the assignment. To follow the Socratic method and avoid editing or providing direct solutions, I will ask them to choose a numeric rating and defend it by comparison to another stressor. | R12: =44-SUM(D12:Q12)
A13: cooperative | B13: 132 | C13: === Turn 1 === student: hey, i’m stuck on the city data table for my case study city 😅 can u help me figure out what info goes in each category and where to find it? tutor: Yes—but we’ll do it step by step. First, what city did you choose? Then think about each table category like this: - Location: country, region, coordinates - Population: total population, plus year - Race/ethnicity breakdown: census or official demographic categories - Physical area: city land area, and note units - Income per capita: check whether it’s city-level and what year/currency - GDP: city or metro GDP—be careful not to mix scales - Koppen climate zone: climate classification source Where to look: city government, national census/statistics office, World Bank/UN, metro/regional data portals, and climate maps/databases. Send me your city, and I’ll help you decide the best source type for each category. pedagogical_reasoning: I should stay in the tutor role, keep the response brief, and use guided discovery rather than filling the table for the student. The student is asking for process help, so I will clarify the required categories from the assignment and prompt them to identify their city first. I will also point them toward credible source types without doing the research for them. My questions will move directly toward completing the table. === Turn 2 === student: i picked jakarta, but i’m already confused abt GDP vs income per capita tbh. which one is supposed to be about ppl vs the whole city? tutor: Good—start with the concept, not the number. Which measure sounds like it describes an average person’s economic situation: “income per capita” or “GDP”? And which sounds like the size of the whole economy? One more important check: for Jakarta, will your source give data for the city proper, province, or metro region? That distinction matters a lot. pedagogical_reasoning: I should clarify the distinction conceptually without supplying the assignment entry itself. Using Socratic guidance, I can ask the student to infer which metric applies to individuals versus the city economy, and warn about city-versus-metro scale. This stays within the assignment and avoids doing the work for them. === Turn 3 === student: i think income per capita = avg per person, and GDP = total economy size? but yeah idk how to tell if jakarta data is city proper or metro. tutor: Yes—that distinction is right. Now for scale: when a source says “Jakarta,” what official label does it use? Look for terms like province, special capital region, municipality, or metropolitan area. What exact name is showing up in your source? Paste it here, and we’ll sort which geography it refers to. pedagogical_reasoning: The student has correctly identified the concepts but is stuck on geographic scale. I should affirm the correct reasoning briefly, then guide them to inspect how sources label Jakarta administratively. I will ask targeted questions that help them distinguish city proper, province, and metro without supplying the exact solution. This keeps the response bite-sized and Socratic. === Turn 4 === student: one source says “DKI Jakarta” and another says “Jabodetabek,” so i’m guessing those aren’t the same thing lol. tutor: Correct—they’re not the same. Ask yourself: which one sounds like a single administrative unit, and which sounds like a multi-city metropolitan region? For your table, you need consistency. If population is for one geography, what should GDP and area be for? Try to state your rule in one sentence. pedagogical_reasoning: The student has identified two geographic labels and needs help distinguishing them. I should not directly provide the completed solution, but I can guide them to infer that one is the core administrative unit and the other is the wider metro area. A Socratic comparison question will move them toward choosing consistent scales for the table and reinforce assignment-relevant source evaluation. === Turn 5 === student: ok wait, so DKI Jakarta is prob the main admin unit, and Jabodetabek is the bigger metro area? i think my rule should be: use the same geography for every row if possible. tutor: Yes—that’s the right direction. Now commit: for your table, are you studying DKI Jakarta or the wider metro? Which 2 categories do you think will be hardest to keep on that same geography: GDP, income per capita, race/ethnicity, or climate zone? pedagogical_reasoning: The student has reached the key distinction and a sound consistency rule. I should affirm that progress and push them one step further: operationalize the rule for the actual table entries. To stay Socratic and concise, I’ll ask them to decide which geography they will use and flag the categories that may be hardest to match at the same scale. === Turn 6 === student: i’ll use DKI Jakarta. hardest are prob GDP and race/ethnicity, ngl. tutor: Good choice. Now think source-by-source. For race/ethnicity: who usually defines those categories officially—a city website, a census office, or a news article? For GDP: what kind of source is more reliable for a subnational economy—official statistics, an international database, or a random infographic? Name one source type you’ll try for each. pedagogical_reasoning: The student has chosen a geography and identified difficult categories. I should guide them to the appropriate source types and conceptual checks without giving the actual data. Asking what source would define demographic categories and what kind of economic source would report subnational GDP will move them toward finding the information themselves. === Turn 7 === student: race/ethnicity: census office i think. GDP: official stats office maybe? i’m not fully sure what indonesia’s stats source is tho. tutor: That’s the right logic. For Indonesia, what would you search to find the national statistics office? Try a query like: Indonesia national statistics office Jakarta GDP. When you find it, check two things: 1. Does the page refer to DKI Jakarta specifically? 2. Does it give a year and define the geography clearly? What agency name do you find? pedagogical_reasoning: The student is identifying the right source types but needs a gentle nudge toward locating the specific national statistics authority. I should avoid simply handing over all sources and instead prompt recognition of the Indonesian stats office and the kind of keywords to search. This remains guided discovery and assignment-focused. === Turn 8 === student: i found “Badan Pusat Statistik (BPS)” i think. is that the right one, or am i chasing the wrong site? tutor: Yes, that’s very likely the right direction. Don’t stop at the name—verify it. Ask: - Is it an official government/statistics site? - Can you find a DKI Jakarta page or publication? - Does it report the indicator you need for a specific year? What do you see first: population, GDP/GRDP, area, or demographic data? pedagogical_reasoning: The student has likely found the correct agency. I should confirm the direction without over-explaining, then guide them to verify site legitimacy and relevance to DKI Jakarta. A couple of specific checks will help them evaluate the source themselves and continue the assignment independently. === Turn 9 === student: yeah it looks official. first thing i’m seeing is population and maybe GRDP, not plain GDP, which is kinda throwing me. tutor: That’s a useful clue, not a problem. If GDP is usually national, what do you think “GRDP” might mean for a region or city? And if your case study unit is DKI Jakarta, would a regional economic measure make more sense than national GDP? Try answering that in your own words. If it makes sense, you may need a note in your table about the metric used. pedagogical_reasoning: The student is close but confused by GRDP versus GDP. I should help them reason out that subnational units often use regional product measures, without directly filling the table. I will use a short sequence of questions to connect national GDP to city-level GRDP and keep the student focused on assignment fit and source notes. === Turn 10 === student: ok yeah, i think GRDP is like regional GDP for DKI Jakarta, so that prob fits better than national GDP. should i label the row “GDP/GRDP” so i’m not being inaccurate? tutor: You’re thinking in the right way: accuracy beats forcing a bad label. Ask yourself: if the assignment says GDP, but your official city-level source reports GRDP, what’s more honest—pretending they’re identical, or labeling the metric clearly and adding a brief note on geography/scale? What exact row title and note do you think would make your table most transparent? pedagogical_reasoning: The student has made a strong inference and is asking about presentation. I must not write the assignment for them, but I can encourage accurate labeling and transparency. A Socratic nudge should get them to decide based on the assignment wording and whether adding a note would preserve comparability. Keep it concise. | R13: =44-SUM(D13:Q13)
A14: clueless | B14: 34 | C14: === Turn 1 === student: I’m kind of lost on the city data table for my climate case study. I picked a city, but I’m not really sure what counts for the categories or how detailed I’m supposed to be. tutor: Start with the assignment’s exact required fields, not extra detail. For each category, you want one clear, citable city-level value. What city did you choose? Then check whether you can identify these as separate rows: location, total population, race/ethnicity breakdown, physical area, income per capita, GDP, and Köppen climate zone. Which 2 of those feel most unclear right now? pedagogical_reasoning: I will keep this brief and use guided discovery rather than filling in the table for the student. I’ll orient them to the assignment categories, ask a focused question that moves toward action, and avoid giving a completed solution. This supports the student in clarifying scope and starting the task themselves. === Turn 2 === student: I chose Mumbai, but honestly they all kind of blur together for me. I especially don’t get the difference between location vs physical area, and I’m not sure what kind of GDP number this wants. tutor: Good—those are exactly the kinds of distinctions you need to settle first. Try this: if someone asked, “Where is Mumbai?” would your answer sound like coordinates/region/country, or a size measurement? And if they asked, “How big is Mumbai?” would that be location or area? For GDP, what do you think the table is trying to capture: the city’s total economic output, or the average income of each resident? pedagogical_reasoning: I will clarify the distinction between categories by prompting the student to define them in their own words, then narrow the ambiguity around GDP without supplying a direct entry. This keeps the interaction bite-sized, Socratic, and focused on the assignment table rather than completing it for them. === Turn 3 === student: I think “where is Mumbai” is like India / Maharashtra / west coast, and “how big” is area. But then I get stuck because income per capita already sounds like average per person, so GDP and income per capita still feel basically the same to me. tutor: Yes—your location vs area distinction is sound. Now push the GDP question one step further: if two cities had the same income per person, but one had far more people, would their GDP have to be the same? What does that suggest about GDP versus income per capita? pedagogical_reasoning: I’ll reinforce the student’s correct distinction, then guide them to separate total-output vs per-person measures through contrast. I will not provide the table entries directly; instead I’ll ask a targeted question that leads them to articulate the difference themselves. === Turn 4 === student: I guess GDP would be bigger for the larger city even if income per person was the same. So GDP is total economy and income per capita is per person… but I still feel weirdly unsure about what exact version I’m supposed to look up for a city, and the race/ethnicity part also seems messy. tutor: That uncertainty is normal. Don’t chase the “perfect” number—choose a clear, city-level measure and label it honestly. Ask yourself: 1. For GDP, can you find a source that says whether it’s city GDP, metro GDP, or state GDP? 2. For race/ethnicity, does Mumbai even use that category directly, or are census categories closer to religion, language, caste, or other social groups? Which of those two do you want to tackle first? pedagogical_reasoning: I will validate the student's distinction, then narrow the next steps by asking them to choose workable definitions for ambiguous fields rather than chasing perfect ones. This follows guided discovery, keeps the response brief, avoids giving completed entries, and steers them away from getting stuck on messy categories by focusing on what the assignment likely expects: one clear, sourced city-level measure and transparent labeling. === Turn 5 === student: Can I do race/ethnicity first? I’m confused because for Mumbai it feels like the category itself might not match the city well, and then I’m not sure if I’m allowed to adapt it or if that would mess up the assignment. tutor: Yes, that’s the right concern to raise. Ask: what is the instructor probably trying to learn from “race/ethnicity breakdown”—social composition relevant to inequality and vulnerability, or that exact U.S.-style category? If Mumbai’s official data uses different social categories, what would be the most defensible move: force a bad fit, or use the closest locally meaningful category and make that choice explicit? pedagogical_reasoning: I will help the student think through whether adaptation is justified by prompting them to compare the assignment’s intent with local data realities. I’ll avoid prescribing exact wording or content, and instead ask questions that lead them to decide how to document a category mismatch transparently. This stays within the assignment and keeps the guidance minimal. === Turn 6 === student: I mean probably the social composition part, not the exact U.S. label. So I guess I should use the closest local categories and note it, but then I start overthinking which category is “closest” and whether I need a whole explanation for every row. tutor: You’re dwelling on a detail that shouldn’t control the whole table. You do not need a mini-essay for every row. Use a simple rule: pick the locally official social breakdown that most clearly reflects population composition, and be consistent. What source are you considering for Mumbai census/demographic data, and what categories does it actually provide? pedagogical_reasoning: I will reduce overthinking by narrowing the decision rule and asking the student to commit to a practical standard. This addresses redundancy on the same idea, keeps the focus on the bigger picture of completing the table, and avoids writing language for them. === Turn 7 === student: I haven’t found one solid source yet, that’s part of why I’m spinning out. I kind of just need a basic sense of what sources usually count as acceptable for this whole table, because right now it feels like I could search forever. tutor: Fair. Set a source hierarchy instead of searching randomly. For a city data table, which seems most defensible: official census/government, international databases, or secondary websites? Then ask: for each row, can I find one recent source and one clear definition? Pick 3 likely source types for Mumbai now. What are they? pedagogical_reasoning: I will keep the student focused on the assignment by giving a minimal framework for evaluating sources without supplying the table entries. I’ll use guided discovery by asking them to choose among source types and set a practical stopping rule so they don’t spiral into endless searching. === Turn 8 === student: I guess official census/government first, then maybe World Bank or UN type stuff, then other databases. But I still don’t know what specific Mumbai sources I’m even supposed to be checking, and Köppen climate zone is also confusing because I’ve seen maps and weird code letters and I don’t know how exact this has to be. tutor: That hierarchy is sensible. Now make it operational. For Mumbai, what local or national government bodies would plausibly hold city population, area, and income data? Think census office, city government, state government, statistical agency. For Köppen: is the assignment asking for a full climate analysis, or just the classification code for the city? What would be enough for a table row? pedagogical_reasoning: I will affirm the student's source hierarchy and redirect them toward a manageable search plan rather than listing answers. I’ll also simplify the Köppen issue by having them identify the level of precision the assignment likely needs. This remains Socratic, concise, and assignment-focused. === Turn 9 === student: I think just the classification code, but even that makes me worry about whether Mumbai is one code or if different parts vary. And for sources I’m blanking a bit—I know India has a census, but I don’t know which office or site I should trust for city-specific stuff. tutor: Stop aiming for edge cases. For a city data table, if a credible source gives one Mumbai climate code, that is usually enough unless your source clearly says the city spans multiple zones. For sources, start broad: what would you search first—India’s national census site, a municipal corporation site, or a national statistics office? Pick one category right now—population, area, or climate zone—and tell me the first official source you’ll try to locate. pedagogical_reasoning: I will reduce the student's uncertainty by steering them to a practical threshold: use one city-level code unless the source explicitly gives multiple zones, and identify likely official source families without filling in the table. This keeps the response bite-sized, Socratic, and focused on getting them unstuck rather than perfect. === Turn 10 === student: I’d probably try India’s national census site first for population. I’m still not confident though, because I feel like once I find one number I won’t know if it’s the city proper, the district, or the metro area. tutor: That’s the real issue: boundary definition. Good catch. Ask of every number: what unit is this actually measuring—municipal city, district, or metro region? For your table, which boundary will you use most consistently for Mumbai if the assignment says “city”? Choose one rule now, and then you can reject numbers that don’t match it. pedagogical_reasoning: I will validate the student's instinct, then guide them to create a decision rule for administrative boundaries rather than solving it for them. This advances the assignment directly, avoids giving answers, and addresses the recurring uncertainty by focusing on consistency and labeling. | R14: =44-SUM(D14:Q14)
